time,open,high,low,close,volume
2026-03-12 09:00:00+07:00,1866.6,1869.5,1865.9,1868.9,5847
2026-03-12 09:01:00+07:00,1868.6,1869.0,1865.8,1866.1,1973
2026-03-12 09:02:00+07:00,1866.2,1867.0,1863.2,1865.0,3054
2026-03-12 09:03:00+07:00,1865.2,1866.7,1864.4,1866.0,1836
2026-03-12 09:04:00+07:00,1865.9,1866.0,1864.1,1864.1,1203
2026-03-12 09:05:00+07:00,1864.4,1865.0,1863.2,1864.9,990
2026-03-12 09:06:00+07:00,1864.8,1864.9,1860.1,1861.2,2072
2026-03-12 09:07:00+07:00,1861.5,1862.2,1859.1,1859.9,2732
2026-03-12 09:08:00+07:00,1859.9,1860.9,1858.6,1860.8,1340
2026-03-12 09:09:00+07:00,1860.8,1860.8,1859.3,1860.3,981
2026-03-12 09:10:00+07:00,1860.2,1860.4,1857.2,1858.6,1867
2026-03-12 09:11:00+07:00,1858.6,1859.6,1856.4,1857.0,1039
2026-03-12 09:12:00+07:00,1857.1,1858.0,1856.3,1856.3,1558
2026-03-12 09:13:00+07:00,1856.3,1856.8,1852.5,1853.8,2931
2026-03-12 09:14:00+07:00,1853.7,1854.0,1849.6,1850.0,3476
2026-03-12 09:15:00+07:00,1850.1,1853.8,1849.6,1852.5,2886
2026-03-12 09:16:00+07:00,1852.5,1855.8,1850.1,1853.9,2732
2026-03-12 09:17:00+07:00,1853.9,1856.4,1852.1,1854.0,2239
2026-03-12 09:18:00+07:00,1854.0,1854.2,1852.0,1852.7,1513
2026-03-12 09:19:00+07:00,1852.7,1853.0,1850.0,1851.1,2495
2026-03-12 09:20:00+07:00,1851.0,1853.4,1850.9,1853.4,1379
2026-03-12 09:21:00+07:00,1853.0,1854.2,1852.9,1853.9,1082
2026-03-12 09:22:00+07:00,1853.9,1854.9,1853.2,1853.9,1188
2026-03-12 09:23:00+07:00,1853.8,1854.0,1851.0,1851.3,1364
2026-03-12 09:24:00+07:00,1851.5,1851.5,1846.7,1849.5,3458
2026-03-12 09:25:00+07:00,1849.5,1850.4,1847.3,1848.2,1176
2026-03-12 09:26:00+07:00,1848.3,1851.8,1848.0,1850.9,1143
2026-03-12 09:27:00+07:00,1851.0,1851.8,1848.3,1851.8,911
2026-03-12 09:28:00+07:00,1851.8,1852.7,1850.1,1851.7,1246
2026-03-12 09:29:00+07:00,1851.6,1854.5,1851.3,1854.4,1696
2026-03-12 09:30:00+07:00,1854.4,1854.4,1850.4,1851.9,1425
2026-03-12 09:31:00+07:00,1851.9,1853.7,1851.7,1852.8,698
2026-03-12 09:32:00+07:00,1852.7,1854.4,1851.5,1854.1,990
2026-03-12 09:33:00+07:00,1854.1,1854.4,1852.1,1852.2,763
2026-03-12 09:34:00+07:00,1852.2,1854.4,1852.2,1853.7,636
2026-03-12 09:35:00+07:00,1853.3,1854.4,1853.0,1854.1,666
2026-03-12 09:36:00+07:00,1854.2,1854.3,1852.6,1852.6,585
2026-03-12 09:37:00+07:00,1852.7,1852.9,1849.9,1852.0,1489
2026-03-12 09:38:00+07:00,1852.0,1853.0,1851.3,1852.1,506
2026-03-12 09:39:00+07:00,1852.3,1854.0,1852.2,1853.5,771
2026-03-12 09:40:00+07:00,1853.8,1854.8,1853.2,1853.5,947
2026-03-12 09:41:00+07:00,1853.9,1854.3,1852.8,1853.3,557
2026-03-12 09:42:00+07:00,1853.3,1853.3,1852.7,1853.3,252
2026-03-12 09:43:00+07:00,1853.3,1856.8,1853.2,1855.5,1792
2026-03-12 09:44:00+07:00,1855.7,1855.9,1853.4,1854.7,772
2026-03-12 09:45:00+07:00,1854.7,1857.7,1854.2,1856.0,1463
2026-03-12 09:46:00+07:00,1856.0,1857.1,1855.5,1856.4,756
2026-03-12 09:47:00+07:00,1856.4,1856.4,1854.3,1855.3,560
2026-03-12 09:48:00+07:00,1855.7,1855.7,1854.3,1854.6,708
2026-03-12 09:49:00+07:00,1854.9,1855.7,1854.7,1855.3,454
2026-03-12 09:50:00+07:00,1855.3,1856.0,1855.0,1855.4,267
2026-03-12 09:51:00+07:00,1855.4,1856.5,1855.0,1856.2,673
2026-03-12 09:52:00+07:00,1856.1,1856.3,1855.7,1856.0,201
2026-03-12 09:53:00+07:00,1856.0,1857.5,1855.8,1856.3,968
2026-03-12 09:54:00+07:00,1856.3,1856.3,1853.2,1855.0,1238
2026-03-12 09:55:00+07:00,1854.5,1854.5,1852.0,1852.8,1188
2026-03-12 09:56:00+07:00,1852.8,1853.0,1851.6,1852.5,1037
2026-03-12 09:57:00+07:00,1852.5,1853.9,1852.0,1853.1,996
2026-03-12 09:58:00+07:00,1853.1,1853.4,1852.3,1852.7,407
2026-03-12 09:59:00+07:00,1852.7,1853.0,1850.0,1851.0,1484
2026-03-12 10:00:00+07:00,1851.0,1851.5,1849.3,1850.8,1196
2026-03-12 10:01:00+07:00,1850.7,1851.1,1850.2,1850.5,509
2026-03-12 10:02:00+07:00,1850.9,1851.7,1850.5,1851.3,425
2026-03-12 10:03:00+07:00,1851.6,1853.6,1850.9,1853.1,1051
2026-03-12 10:04:00+07:00,1853.1,1854.5,1852.3,1854.5,806
2026-03-12 10:05:00+07:00,1854.4,1858.8,1854.2,1858.3,3276
2026-03-12 10:06:00+07:00,1858.0,1860.3,1858.0,1858.2,2818
2026-03-12 10:07:00+07:00,1858.2,1858.6,1856.3,1857.7,1172
2026-03-12 10:08:00+07:00,1857.6,1860.5,1857.6,1858.5,1432
2026-03-12 10:09:00+07:00,1858.5,1858.5,1857.1,1857.5,543
2026-03-12 10:10:00+07:00,1857.5,1859.0,1857.3,1859.0,792
2026-03-12 10:11:00+07:00,1858.9,1859.5,1857.5,1857.9,704
2026-03-12 10:12:00+07:00,1857.7,1859.4,1855.3,1855.8,1132
2026-03-12 10:13:00+07:00,1855.8,1858.9,1855.0,1856.7,1702
2026-03-12 10:14:00+07:00,1856.6,1857.0,1854.0,1854.9,1027
2026-03-12 10:15:00+07:00,1854.5,1855.0,1853.1,1853.2,977
2026-03-12 10:16:00+07:00,1853.3,1854.7,1852.5,1854.1,962
2026-03-12 10:17:00+07:00,1854.0,1855.7,1853.3,1855.5,747
2026-03-12 10:18:00+07:00,1855.5,1857.9,1855.0,1856.2,903
2026-03-12 10:19:00+07:00,1856.6,1859.6,1856.4,1858.3,1419
2026-03-12 10:20:00+07:00,1858.3,1859.6,1857.7,1857.7,800
2026-03-12 10:21:00+07:00,1857.7,1857.8,1855.0,1855.8,979
2026-03-12 10:22:00+07:00,1855.8,1855.8,1853.2,1853.3,1272
2026-03-12 10:23:00+07:00,1853.4,1854.3,1852.8,1853.6,1044
2026-03-12 10:24:00+07:00,1854.0,1854.0,1851.5,1852.4,1041
2026-03-12 10:25:00+07:00,1852.4,1852.4,1850.2,1850.7,1203
2026-03-12 10:26:00+07:00,1851.2,1853.5,1850.5,1852.6,722
2026-03-12 10:27:00+07:00,1852.6,1853.4,1851.5,1851.8,312
2026-03-12 10:28:00+07:00,1851.8,1852.8,1851.5,1852.7,233
2026-03-12 10:29:00+07:00,1852.7,1853.0,1851.6,1853.0,316
2026-03-12 10:30:00+07:00,1853.0,1853.0,1851.1,1851.3,429
2026-03-12 10:31:00+07:00,1851.7,1852.6,1851.6,1852.4,224
2026-03-12 10:32:00+07:00,1852.4,1852.5,1851.0,1851.1,295
2026-03-12 10:33:00+07:00,1851.3,1851.5,1850.0,1850.7,1151
2026-03-12 10:34:00+07:00,1850.7,1851.6,1849.6,1851.2,914
2026-03-12 10:35:00+07:00,1851.4,1852.5,1851.1,1852.2,397
2026-03-12 10:36:00+07:00,1852.4,1854.0,1851.6,1853.9,604
2026-03-12 10:37:00+07:00,1854.0,1854.3,1851.2,1851.4,560
2026-03-12 10:38:00+07:00,1851.3,1852.3,1850.0,1851.9,1073
2026-03-12 10:39:00+07:00,1851.9,1853.0,1851.6,1851.9,597
2026-03-12 10:40:00+07:00,1851.9,1852.7,1851.3,1852.0,260
2026-03-12 10:41:00+07:00,1852.0,1853.0,1852.0,1852.8,336
2026-03-12 10:42:00+07:00,1852.6,1852.9,1851.6,1852.2,339
2026-03-12 10:43:00+07:00,1852.3,1855.6,1852.3,1852.3,1677
2026-03-12 10:44:00+07:00,1852.7,1854.7,1851.5,1852.4,695
2026-03-12 10:45:00+07:00,1852.6,1853.6,1851.6,1852.3,632
2026-03-12 10:46:00+07:00,1852.1,1853.8,1852.1,1853.8,405
2026-03-12 10:47:00+07:00,1853.4,1853.4,1850.8,1851.0,774
2026-03-12 10:48:00+07:00,1850.7,1851.7,1850.7,1851.3,565
2026-03-12 10:49:00+07:00,1851.2,1851.8,1848.6,1849.5,1295
2026-03-12 10:50:00+07:00,1849.5,1851.9,1849.3,1851.6,862
2026-03-12 10:51:00+07:00,1851.4,1852.5,1850.2,1852.3,731
2026-03-12 10:52:00+07:00,1852.3,1855.5,1852.2,1854.3,1710
2026-03-12 10:53:00+07:00,1854.3,1856.0,1853.4,1853.4,1275
2026-03-12 10:54:00+07:00,1853.4,1854.4,1853.2,1853.9,344
2026-03-12 10:55:00+07:00,1853.9,1854.6,1852.5,1853.8,569
2026-03-12 10:56:00+07:00,1853.6,1854.0,1853.1,1853.1,342
2026-03-12 10:57:00+07:00,1853.0,1854.7,1853.0,1854.5,351
2026-03-12 10:58:00+07:00,1854.5,1855.0,1854.0,1854.8,425
2026-03-12 10:59:00+07:00,1854.5,1855.8,1854.3,1855.5,698
2026-03-12 11:00:00+07:00,1855.6,1857.9,1855.4,1857.4,2175
2026-03-12 11:01:00+07:00,1857.4,1858.4,1856.5,1857.4,1526
2026-03-12 11:02:00+07:00,1857.4,1858.0,1856.6,1857.5,708
2026-03-12 11:03:00+07:00,1857.5,1857.5,1856.4,1857.0,486
2026-03-12 11:04:00+07:00,1856.7,1858.2,1856.6,1857.9,573
2026-03-12 11:05:00+07:00,1858.1,1858.9,1857.3,1858.0,1336
2026-03-12 11:06:00+07:00,1858.0,1861.8,1857.6,1861.2,2875
2026-03-12 11:07:00+07:00,1861.1,1861.8,1858.1,1858.8,2627
2026-03-12 11:08:00+07:00,1858.7,1858.9,1855.5,1855.7,1684
2026-03-12 11:09:00+07:00,1855.9,1857.0,1853.1,1853.5,2377
2026-03-12 11:10:00+07:00,1853.8,1854.0,1851.6,1851.6,2028
2026-03-12 11:11:00+07:00,1851.6,1852.7,1849.7,1850.8,2453
2026-03-12 11:12:00+07:00,1851.0,1852.4,1850.2,1851.4,1379
2026-03-12 11:13:00+07:00,1851.3,1851.9,1848.5,1848.8,2119
2026-03-12 11:14:00+07:00,1848.5,1849.7,1846.9,1849.6,2814
2026-03-12 11:15:00+07:00,1849.5,1851.9,1848.3,1849.2,1422
2026-03-12 11:16:00+07:00,1849.3,1849.8,1847.3,1848.5,1088
2026-03-12 11:17:00+07:00,1848.4,1850.0,1847.5,1848.5,637
2026-03-12 11:18:00+07:00,1848.5,1849.6,1847.3,1849.0,754
2026-03-12 11:19:00+07:00,1848.8,1851.0,1848.1,1849.2,787
2026-03-12 11:20:00+07:00,1849.6,1851.4,1849.0,1850.3,805
2026-03-12 11:21:00+07:00,1850.5,1851.9,1849.0,1850.1,1253
2026-03-12 11:22:00+07:00,1850.1,1850.7,1848.0,1848.6,735
2026-03-12 11:23:00+07:00,1848.5,1849.1,1846.8,1847.1,1644
2026-03-12 11:24:00+07:00,1846.9,1847.5,1845.5,1846.5,2237
2026-03-12 11:25:00+07:00,1846.8,1848.3,1846.0,1846.9,797
2026-03-12 11:26:00+07:00,1846.9,1848.6,1846.5,1848.0,678
2026-03-12 11:27:00+07:00,1847.8,1847.8,1846.0,1847.0,621
2026-03-12 11:28:00+07:00,1847.0,1847.0,1845.0,1845.8,1573
2026-03-12 11:29:00+07:00,1846.0,1848.5,1845.6,1848.2,1285
2026-03-12 13:00:00+07:00,1848.5,1849.9,1845.6,1848.3,2452
2026-03-12 13:01:00+07:00,1848.2,1850.5,1847.2,1848.4,1078
2026-03-12 13:02:00+07:00,1848.4,1849.0,1847.1,1847.8,789
2026-03-12 13:03:00+07:00,1847.5,1849.3,1846.0,1847.0,1476
2026-03-12 13:04:00+07:00,1847.3,1849.5,1846.2,1849.3,1093
2026-03-12 13:05:00+07:00,1849.3,1851.4,1848.8,1850.9,1196
2026-03-12 13:06:00+07:00,1851.0,1851.0,1847.1,1848.8,899
2026-03-12 13:07:00+07:00,1848.4,1849.1,1846.6,1848.3,998
2026-03-12 13:08:00+07:00,1848.2,1849.8,1847.5,1848.9,726
2026-03-12 13:09:00+07:00,1848.6,1850.5,1848.6,1849.2,817
2026-03-12 13:10:00+07:00,1849.5,1850.8,1849.2,1849.3,709
2026-03-12 13:11:00+07:00,1849.3,1849.7,1848.3,1848.5,309
2026-03-12 13:12:00+07:00,1848.5,1849.4,1847.7,1848.2,736
2026-03-12 13:13:00+07:00,1848.6,1848.7,1846.3,1846.3,783
2026-03-12 13:14:00+07:00,1846.4,1848.0,1845.5,1845.5,1181
2026-03-12 13:15:00+07:00,1845.5,1848.2,1845.0,1848.1,1518
2026-03-12 13:16:00+07:00,1847.9,1850.8,1847.9,1850.3,1466
2026-03-12 13:17:00+07:00,1850.6,1850.9,1848.2,1848.8,899
2026-03-12 13:18:00+07:00,1848.9,1849.2,1847.3,1847.9,517
2026-03-12 13:19:00+07:00,1848.0,1850.0,1848.0,1849.7,563
2026-03-12 13:20:00+07:00,1849.4,1851.0,1849.0,1849.9,1104
2026-03-12 13:21:00+07:00,1849.4,1850.0,1848.3,1848.8,447
2026-03-12 13:22:00+07:00,1848.9,1850.9,1848.5,1850.3,736
2026-03-12 13:23:00+07:00,1850.3,1851.4,1850.3,1851.4,964
2026-03-12 13:24:00+07:00,1851.4,1854.0,1850.3,1852.9,2822
2026-03-12 13:25:00+07:00,1852.7,1853.9,1851.6,1851.9,1125
2026-03-12 13:26:00+07:00,1851.9,1853.0,1851.5,1852.0,1187
2026-03-12 13:27:00+07:00,1852.1,1852.1,1850.2,1851.0,919
2026-03-12 13:28:00+07:00,1851.0,1851.0,1849.3,1850.1,995
2026-03-12 13:29:00+07:00,1850.0,1851.4,1850.0,1850.7,599
2026-03-12 13:30:00+07:00,1850.7,1851.3,1850.2,1850.5,406
2026-03-12 13:31:00+07:00,1850.8,1852.8,1850.6,1852.2,648
2026-03-12 13:32:00+07:00,1852.2,1853.7,1852.0,1853.1,1392
2026-03-12 13:33:00+07:00,1853.1,1854.5,1852.1,1853.9,1130
2026-03-12 13:34:00+07:00,1853.9,1855.6,1853.2,1853.5,2028
2026-03-12 13:35:00+07:00,1853.5,1854.8,1853.5,1854.0,676
2026-03-12 13:36:00+07:00,1854.0,1855.8,1853.3,1855.5,1354
2026-03-12 13:37:00+07:00,1855.7,1856.8,1855.3,1856.2,1787
2026-03-12 13:38:00+07:00,1856.2,1856.3,1855.0,1855.2,1009
2026-03-12 13:39:00+07:00,1855.1,1855.6,1853.6,1854.6,1163
2026-03-12 13:40:00+07:00,1854.7,1855.4,1854.1,1854.6,561
2026-03-12 13:41:00+07:00,1854.6,1854.6,1850.7,1851.6,1828
2026-03-12 13:42:00+07:00,1851.3,1852.7,1850.9,1851.1,858
2026-03-12 13:43:00+07:00,1851.1,1851.5,1849.4,1850.8,1594
2026-03-12 13:44:00+07:00,1850.8,1852.3,1850.1,1850.4,758
2026-03-12 13:45:00+07:00,1850.4,1852.0,1850.3,1851.5,780
2026-03-12 13:46:00+07:00,1851.1,1851.7,1848.3,1848.3,1042
2026-03-12 13:47:00+07:00,1848.4,1851.0,1848.2,1849.3,1123
2026-03-12 13:48:00+07:00,1849.0,1850.2,1848.6,1849.1,761
2026-03-12 13:49:00+07:00,1849.3,1850.3,1849.1,1849.6,344
2026-03-12 13:50:00+07:00,1849.5,1850.6,1849.3,1850.0,807
2026-03-12 13:51:00+07:00,1850.1,1851.9,1850.0,1850.8,954
2026-03-12 13:52:00+07:00,1850.8,1851.5,1850.2,1850.7,602
2026-03-12 13:53:00+07:00,1850.7,1851.3,1850.2,1851.2,557
2026-03-12 13:54:00+07:00,1850.9,1853.8,1850.8,1852.3,1010
2026-03-12 13:55:00+07:00,1852.0,1854.5,1851.9,1853.5,1171
2026-03-12 13:56:00+07:00,1853.4,1854.9,1853.2,1854.0,969
2026-03-12 13:57:00+07:00,1854.0,1854.9,1853.6,1853.7,836
2026-03-12 13:58:00+07:00,1853.7,1854.7,1851.2,1851.3,1256
2026-03-12 13:59:00+07:00,1851.2,1852.8,1851.2,1852.8,431
2026-03-12 14:00:00+07:00,1852.8,1854.9,1852.4,1854.4,896
2026-03-12 14:01:00+07:00,1854.2,1854.5,1853.0,1853.1,557
2026-03-12 14:02:00+07:00,1853.0,1853.2,1850.6,1851.8,1158
2026-03-12 14:03:00+07:00,1851.3,1852.0,1849.0,1849.2,1510
2026-03-12 14:04:00+07:00,1849.2,1850.5,1847.5,1848.3,2273
2026-03-12 14:05:00+07:00,1848.2,1849.9,1846.6,1849.9,2107
2026-03-12 14:06:00+07:00,1849.4,1851.7,1849.3,1851.0,1524
2026-03-12 14:07:00+07:00,1851.4,1854.8,1851.0,1854.0,3082
2026-03-12 14:08:00+07:00,1854.0,1856.9,1851.6,1851.8,3309
2026-03-12 14:09:00+07:00,1851.9,1851.9,1848.0,1851.5,2028
2026-03-12 14:10:00+07:00,1851.8,1853.0,1850.8,1850.9,998
2026-03-12 14:11:00+07:00,1850.9,1851.5,1848.1,1849.7,2043
2026-03-12 14:12:00+07:00,1849.3,1851.5,1848.3,1851.0,983
2026-03-12 14:13:00+07:00,1850.9,1851.0,1849.0,1850.0,732
2026-03-12 14:14:00+07:00,1849.9,1851.0,1849.2,1850.0,566
2026-03-12 14:15:00+07:00,1850.0,1852.3,1850.0,1850.7,1057
2026-03-12 14:16:00+07:00,1850.3,1851.5,1848.3,1850.3,1417
2026-03-12 14:17:00+07:00,1850.3,1850.6,1849.1,1849.8,743
2026-03-12 14:18:00+07:00,1849.8,1851.6,1849.8,1850.2,775
2026-03-12 14:19:00+07:00,1850.5,1851.0,1848.6,1849.2,1011
2026-03-12 14:20:00+07:00,1848.9,1851.3,1848.5,1850.9,1602
2026-03-12 14:21:00+07:00,1850.9,1853.0,1850.2,1851.0,1987
2026-03-12 14:22:00+07:00,1851.0,1852.0,1850.0,1851.0,1754
2026-03-12 14:23:00+07:00,1850.7,1851.7,1849.1,1850.6,1583
2026-03-12 14:24:00+07:00,1850.2,1851.3,1849.3,1850.9,988
2026-03-12 14:25:00+07:00,1850.9,1851.5,1850.0,1851.0,620
2026-03-12 14:26:00+07:00,1850.9,1851.7,1849.1,1851.5,891
2026-03-12 14:27:00+07:00,1851.4,1851.5,1850.2,1851.2,715
2026-03-12 14:28:00+07:00,1851.2,1852.0,1850.2,1851.9,1387
2026-03-12 14:29:00+07:00,1852.0,1856.0,1851.0,1856.0,2894
2026-03-12 14:45:00+07:00,1853.0,1853.0,1853.0,1853.0,4643
2026-03-13 09:00:00+07:00,1836.0,1837.9,1834.5,1836.6,5719
2026-03-13 09:01:00+07:00,1836.6,1839.8,1835.1,1837.1,2708
2026-03-13 09:02:00+07:00,1837.0,1837.0,1835.1,1835.6,1617
2026-03-13 09:03:00+07:00,1835.6,1836.9,1835.5,1836.8,589
2026-03-13 09:04:00+07:00,1836.8,1837.6,1836.4,1837.2,541
2026-03-13 09:05:00+07:00,1837.2,1837.5,1836.4,1836.6,537
2026-03-13 09:06:00+07:00,1836.8,1836.8,1835.0,1836.0,960
2026-03-13 09:07:00+07:00,1836.2,1837.0,1836.0,1836.9,267
2026-03-13 09:08:00+07:00,1836.9,1838.7,1836.8,1838.5,865
2026-03-13 09:09:00+07:00,1838.2,1839.4,1837.7,1838.7,982
2026-03-13 09:10:00+07:00,1838.4,1838.7,1837.4,1837.6,406
2026-03-13 09:11:00+07:00,1837.9,1838.4,1837.4,1837.8,361
2026-03-13 09:12:00+07:00,1837.9,1838.4,1837.0,1838.3,594
2026-03-13 09:13:00+07:00,1838.3,1842.0,1838.2,1840.9,2080
2026-03-13 09:14:00+07:00,1840.9,1840.9,1838.8,1839.5,883
2026-03-13 09:15:00+07:00,1839.4,1840.0,1838.0,1839.0,1316
2026-03-13 09:16:00+07:00,1839.5,1839.6,1837.6,1838.6,991
2026-03-13 09:17:00+07:00,1838.7,1840.7,1838.5,1839.7,1131
2026-03-13 09:18:00+07:00,1839.6,1840.9,1839.3,1840.2,985
2026-03-13 09:19:00+07:00,1840.0,1844.5,1840.0,1844.0,2547
2026-03-13 09:20:00+07:00,1843.9,1845.0,1842.8,1845.0,2867
2026-03-13 09:21:00+07:00,1844.6,1846.0,1843.5,1843.9,2494
2026-03-13 09:22:00+07:00,1843.8,1843.8,1842.6,1843.1,892
2026-03-13 09:23:00+07:00,1843.1,1843.9,1842.1,1842.1,1273
2026-03-13 09:24:00+07:00,1842.6,1843.9,1842.1,1843.2,807
2026-03-13 09:25:00+07:00,1843.1,1844.2,1842.0,1842.0,1282
2026-03-13 09:26:00+07:00,1842.0,1842.5,1841.1,1842.1,732
2026-03-13 09:27:00+07:00,1842.1,1842.5,1840.8,1841.4,944
2026-03-13 09:28:00+07:00,1841.8,1844.3,1841.4,1841.7,838
2026-03-13 09:29:00+07:00,1841.9,1842.0,1840.1,1840.3,631
2026-03-13 09:30:00+07:00,1840.3,1841.7,1838.0,1838.8,2003
2026-03-13 09:31:00+07:00,1838.8,1839.5,1838.2,1839.1,482
2026-03-13 09:32:00+07:00,1839.1,1841.0,1839.1,1840.3,1003
2026-03-13 09:33:00+07:00,1840.2,1841.8,1840.0,1841.0,895
2026-03-13 09:34:00+07:00,1841.1,1842.4,1840.9,1841.3,519
2026-03-13 09:35:00+07:00,1841.3,1841.6,1840.3,1841.0,758
2026-03-13 09:36:00+07:00,1841.1,1841.1,1840.1,1840.7,356
2026-03-13 09:37:00+07:00,1840.6,1842.3,1840.2,1842.0,680
2026-03-13 09:38:00+07:00,1842.0,1842.4,1841.5,1842.0,210
2026-03-13 09:39:00+07:00,1842.4,1842.7,1841.3,1841.8,471
2026-03-13 09:40:00+07:00,1841.9,1841.9,1840.1,1841.5,599
2026-03-13 09:41:00+07:00,1841.2,1842.6,1840.6,1842.3,723
2026-03-13 09:42:00+07:00,1842.2,1843.5,1841.7,1843.2,910
2026-03-13 09:43:00+07:00,1843.2,1843.8,1842.9,1843.3,601
2026-03-13 09:44:00+07:00,1843.2,1843.9,1842.2,1843.4,657
2026-03-13 09:45:00+07:00,1843.5,1843.7,1842.1,1842.5,303
2026-03-13 09:46:00+07:00,1842.3,1843.0,1842.1,1842.9,163
2026-03-13 09:47:00+07:00,1842.9,1843.0,1841.8,1842.0,450
2026-03-13 09:48:00+07:00,1842.0,1843.0,1841.8,1842.9,448
2026-03-13 09:49:00+07:00,1842.9,1844.6,1842.9,1844.0,1002
2026-03-13 09:50:00+07:00,1843.9,1844.9,1843.6,1843.7,721
2026-03-13 09:51:00+07:00,1843.7,1844.2,1842.8,1842.8,457
2026-03-13 09:52:00+07:00,1842.8,1843.1,1842.5,1843.0,251
2026-03-13 09:53:00+07:00,1843.0,1844.0,1842.9,1843.7,475
2026-03-13 09:54:00+07:00,1843.7,1844.5,1843.5,1844.1,704
2026-03-13 09:55:00+07:00,1844.1,1844.6,1843.6,1844.6,387
2026-03-13 09:56:00+07:00,1844.4,1845.5,1844.0,1845.1,1259
2026-03-13 09:57:00+07:00,1845.3,1846.7,1845.0,1845.4,1310
2026-03-13 09:58:00+07:00,1845.4,1846.0,1845.2,1846.0,568
2026-03-13 09:59:00+07:00,1845.8,1846.9,1845.1,1846.5,891
2026-03-13 10:00:00+07:00,1846.4,1849.8,1845.8,1849.7,2961
2026-03-13 10:01:00+07:00,1849.5,1855.0,1849.5,1854.0,5981
2026-03-13 10:02:00+07:00,1854.2,1858.5,1854.0,1855.9,4392
2026-03-13 10:03:00+07:00,1856.1,1867.3,1855.9,1862.2,5560
2026-03-13 10:04:00+07:00,1862.6,1863.5,1860.2,1861.5,2421
2026-03-13 10:05:00+07:00,1861.6,1866.7,1861.5,1862.8,3549
2026-03-13 10:06:00+07:00,1862.8,1863.3,1860.7,1860.9,1843
2026-03-13 10:07:00+07:00,1860.9,1863.0,1860.0,1861.1,2084
2026-03-13 10:08:00+07:00,1861.1,1862.2,1859.6,1859.8,1840
2026-03-13 10:09:00+07:00,1859.8,1861.8,1859.2,1860.0,1659
2026-03-13 10:10:00+07:00,1859.6,1861.3,1859.3,1859.5,1451
2026-03-13 10:11:00+07:00,1859.6,1861.6,1859.6,1860.4,1064
2026-03-13 10:12:00+07:00,1860.4,1861.9,1859.7,1860.2,978
2026-03-13 10:13:00+07:00,1860.2,1860.3,1859.0,1859.2,1068
2026-03-13 10:14:00+07:00,1859.2,1860.0,1858.3,1858.3,804
2026-03-13 10:15:00+07:00,1858.3,1859.2,1856.8,1858.5,1655
2026-03-13 10:16:00+07:00,1859.0,1860.6,1858.7,1860.2,919
2026-03-13 10:17:00+07:00,1860.1,1860.8,1859.0,1859.0,759
2026-03-13 10:18:00+07:00,1859.1,1860.0,1859.0,1859.5,247
2026-03-13 10:19:00+07:00,1859.5,1859.5,1857.0,1857.1,768
2026-03-13 10:20:00+07:00,1857.2,1858.8,1855.7,1856.5,1192
2026-03-13 10:21:00+07:00,1856.1,1857.8,1855.8,1857.1,1013
2026-03-13 10:22:00+07:00,1857.3,1858.7,1857.0,1857.7,542
2026-03-13 10:23:00+07:00,1857.7,1857.7,1856.0,1856.9,574
2026-03-13 10:24:00+07:00,1857.0,1857.6,1856.6,1857.2,438
2026-03-13 10:25:00+07:00,1857.2,1857.6,1856.1,1856.8,382
2026-03-13 10:26:00+07:00,1856.8,1856.8,1855.7,1856.1,482
2026-03-13 10:27:00+07:00,1856.1,1858.8,1856.1,1857.8,958
2026-03-13 10:28:00+07:00,1857.8,1859.5,1857.8,1858.3,1164
2026-03-13 10:29:00+07:00,1858.4,1858.4,1855.6,1856.8,965
2026-03-13 10:30:00+07:00,1856.8,1856.9,1853.4,1854.5,2127
2026-03-13 10:31:00+07:00,1854.5,1855.8,1854.0,1854.9,669
2026-03-13 10:32:00+07:00,1854.6,1855.9,1854.5,1855.2,378
2026-03-13 10:33:00+07:00,1855.2,1856.0,1855.2,1855.5,300
2026-03-13 10:34:00+07:00,1855.5,1855.9,1854.6,1855.0,482
2026-03-13 10:35:00+07:00,1855.0,1856.0,1854.0,1856.0,918
2026-03-13 10:36:00+07:00,1856.1,1856.7,1855.1,1855.5,395
2026-03-13 10:37:00+07:00,1855.6,1855.9,1854.5,1855.5,293
2026-03-13 10:38:00+07:00,1855.3,1855.7,1854.0,1854.4,779
2026-03-13 10:39:00+07:00,1854.4,1854.7,1852.7,1853.0,1320
2026-03-13 10:40:00+07:00,1852.7,1853.9,1852.3,1852.6,1187
2026-03-13 10:41:00+07:00,1852.6,1853.5,1851.6,1853.0,1125
2026-03-13 10:42:00+07:00,1853.0,1853.3,1852.6,1852.9,375
2026-03-13 10:43:00+07:00,1852.9,1853.3,1852.5,1852.8,417
2026-03-13 10:44:00+07:00,1852.7,1853.8,1852.0,1853.1,713
2026-03-13 10:45:00+07:00,1853.6,1856.2,1853.0,1855.5,1524
2026-03-13 10:46:00+07:00,1855.6,1856.7,1855.0,1856.7,809
2026-03-13 10:47:00+07:00,1856.7,1858.3,1856.2,1858.0,1736
2026-03-13 10:48:00+07:00,1857.9,1858.1,1854.5,1855.6,1256
2026-03-13 10:49:00+07:00,1855.4,1856.5,1854.3,1856.5,562
2026-03-13 10:50:00+07:00,1856.4,1857.9,1856.2,1857.7,745
2026-03-13 10:51:00+07:00,1857.4,1859.0,1857.1,1858.8,1192
2026-03-13 10:52:00+07:00,1858.6,1861.0,1858.1,1859.8,1721
2026-03-13 10:53:00+07:00,1859.8,1861.1,1859.3,1860.0,611
2026-03-13 10:54:00+07:00,1859.9,1861.0,1859.2,1860.4,1356
2026-03-13 10:55:00+07:00,1860.5,1862.0,1860.2,1861.9,1643
2026-03-13 10:56:00+07:00,1861.6,1862.0,1859.2,1861.2,1447
2026-03-13 10:57:00+07:00,1861.3,1862.6,1860.9,1861.3,1005
2026-03-13 10:58:00+07:00,1861.4,1865.0,1861.0,1864.6,2477
2026-03-13 10:59:00+07:00,1864.7,1869.8,1864.5,1868.9,5150
2026-03-13 11:00:00+07:00,1868.9,1871.1,1866.7,1870.6,3597
2026-03-13 11:01:00+07:00,1870.5,1871.6,1867.1,1869.5,2443
2026-03-13 11:02:00+07:00,1869.5,1874.0,1869.0,1872.4,2485
2026-03-13 11:03:00+07:00,1872.4,1877.5,1871.2,1877.3,3544
2026-03-13 11:04:00+07:00,1877.3,1877.5,1872.1,1874.4,2028
2026-03-13 11:05:00+07:00,1874.4,1875.0,1870.3,1871.4,2092
2026-03-13 11:06:00+07:00,1871.4,1873.1,1870.2,1870.6,1212
2026-03-13 11:07:00+07:00,1870.6,1871.5,1869.5,1869.5,1197
2026-03-13 11:08:00+07:00,1870.0,1870.6,1868.9,1869.5,1158
2026-03-13 11:09:00+07:00,1869.5,1873.3,1869.2,1872.8,1255
2026-03-13 11:10:00+07:00,1872.9,1873.5,1869.7,1870.5,927
2026-03-13 11:11:00+07:00,1870.4,1872.0,1870.2,1870.2,416
2026-03-13 11:12:00+07:00,1870.2,1870.8,1868.7,1869.8,976
2026-03-13 11:13:00+07:00,1869.8,1869.8,1866.8,1867.3,1723
2026-03-13 11:14:00+07:00,1867.7,1868.0,1865.3,1866.4,1398
2026-03-13 11:15:00+07:00,1866.4,1867.8,1866.4,1867.4,730
2026-03-13 11:16:00+07:00,1867.4,1867.9,1866.4,1866.6,512
2026-03-13 11:17:00+07:00,1866.7,1867.6,1866.3,1866.9,395
2026-03-13 11:18:00+07:00,1866.9,1869.6,1866.9,1867.8,1306
2026-03-13 11:19:00+07:00,1867.9,1870.6,1867.6,1869.3,1080
2026-03-13 11:20:00+07:00,1869.5,1870.1,1866.2,1867.1,1175
2026-03-13 11:21:00+07:00,1867.3,1867.6,1864.3,1865.9,1740
2026-03-13 11:22:00+07:00,1865.9,1866.7,1862.3,1863.9,1899
2026-03-13 11:23:00+07:00,1863.7,1865.7,1862.8,1865.7,695
2026-03-13 11:24:00+07:00,1865.5,1865.5,1863.6,1863.9,670
2026-03-13 11:25:00+07:00,1863.7,1865.0,1863.1,1863.6,723
2026-03-13 11:26:00+07:00,1863.6,1865.4,1863.3,1865.0,474
2026-03-13 11:27:00+07:00,1865.0,1865.1,1863.6,1864.3,398
2026-03-13 11:28:00+07:00,1864.7,1866.0,1863.2,1864.3,1145
2026-03-13 11:29:00+07:00,1864.1,1864.9,1862.8,1864.5,1081
2026-03-13 13:00:00+07:00,1863.8,1865.9,1863.6,1864.8,780
2026-03-13 13:01:00+07:00,1864.7,1866.5,1864.4,1866.2,999
2026-03-13 13:02:00+07:00,1866.2,1866.9,1862.1,1863.0,1285
2026-03-13 13:03:00+07:00,1862.9,1863.3,1862.1,1863.0,789
2026-03-13 13:04:00+07:00,1862.7,1863.0,1861.5,1862.3,830
2026-03-13 13:05:00+07:00,1862.5,1862.7,1861.8,1862.1,288
2026-03-13 13:06:00+07:00,1862.3,1863.2,1861.8,1862.5,661
2026-03-13 13:07:00+07:00,1862.7,1863.0,1861.7,1861.8,475
2026-03-13 13:08:00+07:00,1862.0,1862.0,1861.0,1861.8,771
2026-03-13 13:09:00+07:00,1861.9,1862.5,1861.1,1861.9,665
2026-03-13 13:10:00+07:00,1861.9,1863.6,1861.1,1862.9,736
2026-03-13 13:11:00+07:00,1863.1,1865.4,1862.6,1864.4,1067
2026-03-13 13:12:00+07:00,1864.3,1866.0,1863.7,1865.5,1546
2026-03-13 13:13:00+07:00,1865.6,1868.5,1865.4,1867.1,1636
2026-03-13 13:14:00+07:00,1867.1,1867.7,1865.1,1866.7,1004
2026-03-13 13:15:00+07:00,1866.7,1868.7,1866.0,1867.3,818
2026-03-13 13:16:00+07:00,1867.1,1871.9,1867.0,1868.1,2334
2026-03-13 13:17:00+07:00,1868.1,1869.0,1866.6,1866.6,997
2026-03-13 13:18:00+07:00,1866.6,1867.3,1865.3,1866.0,975
2026-03-13 13:19:00+07:00,1866.0,1866.5,1865.3,1866.2,557
2026-03-13 13:20:00+07:00,1866.5,1866.6,1865.1,1865.4,656
2026-03-13 13:21:00+07:00,1865.4,1865.5,1864.9,1865.0,720
2026-03-13 13:22:00+07:00,1865.0,1867.5,1865.0,1866.1,635
2026-03-13 13:23:00+07:00,1866.0,1867.2,1865.3,1866.0,318
2026-03-13 13:24:00+07:00,1866.1,1866.3,1863.0,1863.3,955
2026-03-13 13:25:00+07:00,1863.3,1864.3,1862.0,1862.7,1489
2026-03-13 13:26:00+07:00,1862.7,1862.9,1859.5,1860.0,2134
2026-03-13 13:27:00+07:00,1859.5,1859.8,1856.5,1857.0,3502
2026-03-13 13:28:00+07:00,1857.0,1857.5,1855.0,1857.5,2560
2026-03-13 13:29:00+07:00,1857.5,1858.8,1857.0,1857.9,1552
2026-03-13 13:30:00+07:00,1857.5,1858.2,1853.2,1857.4,3524
2026-03-13 13:31:00+07:00,1857.1,1858.9,1857.0,1858.2,1257
2026-03-13 13:32:00+07:00,1858.2,1858.4,1855.5,1856.9,1194
2026-03-13 13:33:00+07:00,1856.9,1857.1,1855.1,1855.9,1578
2026-03-13 13:34:00+07:00,1855.9,1856.8,1853.0,1854.0,3218
2026-03-13 13:35:00+07:00,1854.0,1856.6,1853.1,1856.0,1694
2026-03-13 13:36:00+07:00,1856.0,1858.2,1855.6,1858.2,1421
2026-03-13 13:37:00+07:00,1858.2,1859.0,1856.5,1858.0,1679
2026-03-13 13:38:00+07:00,1858.0,1859.5,1857.0,1859.3,1196
2026-03-13 13:39:00+07:00,1859.3,1860.3,1858.6,1859.3,1855
2026-03-13 13:40:00+07:00,1859.3,1860.9,1858.6,1860.1,1158
2026-03-13 13:41:00+07:00,1860.1,1860.3,1856.6,1857.7,1527
2026-03-13 13:42:00+07:00,1857.7,1857.7,1856.6,1857.1,474
2026-03-13 13:43:00+07:00,1857.0,1857.5,1856.0,1856.2,772
2026-03-13 13:44:00+07:00,1856.3,1856.8,1856.0,1856.2,664
2026-03-13 13:45:00+07:00,1856.2,1857.5,1855.5,1856.3,644
2026-03-13 13:46:00+07:00,1856.1,1856.9,1855.6,1856.3,445
2026-03-13 13:47:00+07:00,1856.5,1856.7,1854.0,1855.5,2055
2026-03-13 13:48:00+07:00,1855.2,1855.8,1852.7,1853.2,1690
2026-03-13 13:49:00+07:00,1853.2,1853.6,1850.2,1852.4,3617
2026-03-13 13:50:00+07:00,1852.4,1853.0,1850.6,1851.5,1940
2026-03-13 13:51:00+07:00,1851.5,1855.1,1851.0,1854.6,1544
2026-03-13 13:52:00+07:00,1854.9,1854.9,1853.5,1854.4,848
2026-03-13 13:53:00+07:00,1854.5,1857.9,1854.1,1855.8,1851
2026-03-13 13:54:00+07:00,1855.7,1856.7,1854.5,1856.5,915
2026-03-13 13:55:00+07:00,1856.3,1857.9,1855.8,1856.3,994
2026-03-13 13:56:00+07:00,1856.3,1856.3,1854.1,1855.7,760
2026-03-13 13:57:00+07:00,1855.7,1857.4,1855.3,1856.1,842
2026-03-13 13:58:00+07:00,1855.7,1856.3,1854.7,1854.8,720
2026-03-13 13:59:00+07:00,1854.7,1855.0,1852.0,1852.0,1688
2026-03-13 14:00:00+07:00,1851.9,1854.0,1850.7,1851.6,1889
2026-03-13 14:01:00+07:00,1851.6,1853.4,1851.5,1852.8,674
2026-03-13 14:02:00+07:00,1852.8,1853.5,1848.2,1849.1,2571
2026-03-13 14:03:00+07:00,1849.1,1851.3,1847.3,1851.0,2277
2026-03-13 14:04:00+07:00,1850.7,1851.0,1847.5,1848.0,1306
2026-03-13 14:05:00+07:00,1848.2,1849.9,1848.0,1848.5,1208
2026-03-13 14:06:00+07:00,1848.5,1850.9,1847.3,1850.4,1474
2026-03-13 14:07:00+07:00,1850.4,1852.5,1849.0,1850.3,1800
2026-03-13 14:08:00+07:00,1850.3,1850.7,1847.2,1848.7,1370
2026-03-13 14:09:00+07:00,1848.7,1850.7,1848.3,1849.8,808
2026-03-13 14:10:00+07:00,1849.3,1849.9,1846.6,1847.7,1901
2026-03-13 14:11:00+07:00,1847.7,1850.0,1847.4,1848.7,1098
2026-03-13 14:12:00+07:00,1848.7,1850.6,1848.0,1850.3,1119
2026-03-13 14:13:00+07:00,1850.0,1850.9,1848.0,1848.3,1313
2026-03-13 14:14:00+07:00,1848.7,1848.7,1847.4,1848.5,1291
2026-03-13 14:15:00+07:00,1848.0,1849.3,1847.9,1848.9,1285
2026-03-13 14:16:00+07:00,1848.9,1849.2,1846.0,1847.9,1979
2026-03-13 14:17:00+07:00,1847.4,1847.8,1846.1,1847.4,992
2026-03-13 14:18:00+07:00,1847.5,1847.5,1845.9,1845.9,1580
2026-03-13 14:19:00+07:00,1845.9,1846.0,1842.2,1843.4,3975
2026-03-13 14:20:00+07:00,1843.0,1843.1,1835.7,1840.0,5393
2026-03-13 14:21:00+07:00,1840.0,1840.8,1835.0,1837.7,3534
2026-03-13 14:22:00+07:00,1837.9,1840.2,1836.9,1838.2,1973
2026-03-13 14:23:00+07:00,1838.1,1841.6,1837.5,1838.1,1645
2026-03-13 14:24:00+07:00,1838.5,1839.5,1837.0,1838.9,1281
2026-03-13 14:25:00+07:00,1838.9,1845.0,1837.9,1844.8,2895
2026-03-13 14:26:00+07:00,1844.8,1849.9,1840.1,1849.7,3061
2026-03-13 14:27:00+07:00,1849.0,1849.1,1842.7,1843.8,2006
2026-03-13 14:28:00+07:00,1843.8,1846.0,1842.1,1844.9,1682
2026-03-13 14:29:00+07:00,1844.9,1844.9,1842.1,1843.3,1640
2026-03-13 14:45:00+07:00,1840.0,1840.0,1840.0,1840.0,5457
2026-03-16 09:00:00+07:00,1847.0,1848.3,1847.0,1847.8,3435
2026-03-16 09:01:00+07:00,1848.0,1848.2,1846.6,1846.6,1193
2026-03-16 09:02:00+07:00,1846.6,1846.9,1846.0,1846.5,1095
2026-03-16 09:03:00+07:00,1846.4,1846.7,1845.5,1845.8,1038
2026-03-16 09:04:00+07:00,1845.8,1847.6,1845.8,1847.5,1733
2026-03-16 09:05:00+07:00,1847.5,1848.1,1847.3,1847.3,655
2026-03-16 09:06:00+07:00,1847.4,1847.6,1845.4,1845.6,507
2026-03-16 09:07:00+07:00,1845.6,1845.6,1842.2,1843.6,1868
2026-03-16 09:08:00+07:00,1843.5,1845.4,1843.4,1844.6,627
2026-03-16 09:09:00+07:00,1844.6,1846.0,1844.5,1845.0,385
2026-03-16 09:10:00+07:00,1845.1,1846.0,1845.0,1845.8,280
2026-03-16 09:11:00+07:00,1845.9,1847.9,1845.9,1847.0,1070
2026-03-16 09:12:00+07:00,1847.2,1848.5,1847.0,1847.4,858
2026-03-16 09:13:00+07:00,1847.5,1848.8,1847.3,1847.8,916
2026-03-16 09:14:00+07:00,1847.8,1848.7,1847.0,1847.7,699
2026-03-16 09:15:00+07:00,1847.7,1849.5,1847.4,1849.4,1513
2026-03-16 09:16:00+07:00,1849.1,1849.5,1846.9,1847.6,1254
2026-03-16 09:17:00+07:00,1847.9,1848.5,1846.8,1847.0,699
2026-03-16 09:18:00+07:00,1847.0,1847.5,1843.3,1844.5,1865
2026-03-16 09:19:00+07:00,1844.4,1845.0,1843.0,1844.2,1193
2026-03-16 09:20:00+07:00,1844.1,1844.2,1842.7,1843.4,1391
2026-03-16 09:21:00+07:00,1843.4,1844.4,1842.6,1844.3,1046
2026-03-16 09:22:00+07:00,1844.2,1846.0,1844.0,1845.9,791
2026-03-16 09:23:00+07:00,1845.5,1846.0,1844.8,1845.2,471
2026-03-16 09:24:00+07:00,1845.2,1845.8,1844.7,1845.6,492
2026-03-16 09:25:00+07:00,1845.8,1846.0,1845.3,1845.3,901
2026-03-16 09:26:00+07:00,1845.3,1845.3,1841.7,1842.4,1731
2026-03-16 09:27:00+07:00,1842.4,1843.0,1841.0,1841.8,1168
2026-03-16 09:28:00+07:00,1842.0,1842.7,1840.7,1842.0,948
2026-03-16 09:29:00+07:00,1841.7,1842.0,1841.0,1841.2,738
2026-03-16 09:30:00+07:00,1841.2,1842.4,1840.5,1842.4,1222
2026-03-16 09:31:00+07:00,1842.3,1843.8,1841.9,1842.4,631
2026-03-16 09:32:00+07:00,1842.4,1842.5,1841.2,1842.0,710
2026-03-16 09:33:00+07:00,1841.8,1842.0,1840.6,1841.5,520
2026-03-16 09:34:00+07:00,1841.5,1841.8,1840.6,1841.4,408
2026-03-16 09:35:00+07:00,1841.5,1842.5,1841.1,1842.4,411
2026-03-16 09:36:00+07:00,1842.3,1842.4,1840.6,1840.8,510
2026-03-16 09:37:00+07:00,1840.8,1841.9,1840.8,1841.9,417
2026-03-16 09:38:00+07:00,1841.9,1843.5,1841.5,1842.7,804
2026-03-16 09:39:00+07:00,1842.7,1843.3,1842.0,1843.0,496
2026-03-16 09:40:00+07:00,1842.6,1843.0,1841.1,1841.2,491
2026-03-16 09:41:00+07:00,1841.3,1842.0,1840.6,1842.0,447
2026-03-16 09:42:00+07:00,1842.1,1842.8,1842.1,1842.5,446
2026-03-16 09:43:00+07:00,1842.4,1842.6,1841.6,1842.5,515
2026-03-16 09:44:00+07:00,1842.5,1844.0,1842.0,1844.0,1612
2026-03-16 09:45:00+07:00,1844.0,1845.6,1843.6,1844.9,1544
2026-03-16 09:46:00+07:00,1844.9,1845.5,1843.7,1844.1,682
2026-03-16 09:47:00+07:00,1844.1,1846.0,1844.1,1844.5,780
2026-03-16 09:48:00+07:00,1844.6,1844.9,1843.3,1843.6,396
2026-03-16 09:49:00+07:00,1843.8,1844.5,1843.1,1844.4,480
2026-03-16 09:50:00+07:00,1844.3,1845.2,1843.7,1844.8,390
2026-03-16 09:51:00+07:00,1844.8,1847.0,1844.6,1845.9,1033
2026-03-16 09:52:00+07:00,1845.9,1846.4,1844.5,1845.0,502
2026-03-16 09:53:00+07:00,1845.0,1845.0,1843.2,1844.0,499
2026-03-16 09:54:00+07:00,1844.0,1844.2,1842.3,1842.9,833
2026-03-16 09:55:00+07:00,1842.7,1842.8,1841.1,1842.2,1078
2026-03-16 09:56:00+07:00,1842.1,1842.9,1841.6,1841.7,417
2026-03-16 09:57:00+07:00,1841.7,1843.3,1841.1,1842.7,568
2026-03-16 09:58:00+07:00,1842.9,1844.0,1842.5,1843.3,510
2026-03-16 09:59:00+07:00,1843.7,1844.4,1843.0,1844.4,399
2026-03-16 10:00:00+07:00,1844.3,1845.4,1844.1,1844.9,823
2026-03-16 10:01:00+07:00,1844.9,1845.5,1843.4,1844.0,601
2026-03-16 10:02:00+07:00,1844.1,1847.9,1843.3,1847.4,1714
2026-03-16 10:03:00+07:00,1847.4,1853.8,1847.4,1852.9,4325
2026-03-16 10:04:00+07:00,1852.9,1854.5,1851.3,1853.5,3015
2026-03-16 10:05:00+07:00,1854.0,1854.5,1852.1,1853.0,1415
2026-03-16 10:06:00+07:00,1853.1,1854.8,1853.0,1853.5,936
2026-03-16 10:07:00+07:00,1853.5,1856.8,1852.7,1856.0,2434
2026-03-16 10:08:00+07:00,1856.0,1858.1,1855.5,1856.8,2400
2026-03-16 10:09:00+07:00,1856.6,1858.6,1856.5,1857.3,1737
2026-03-16 10:10:00+07:00,1857.1,1857.9,1856.0,1856.4,1509
2026-03-16 10:11:00+07:00,1856.4,1856.4,1854.1,1854.6,1540
2026-03-16 10:12:00+07:00,1854.6,1855.3,1853.4,1853.8,739
2026-03-16 10:13:00+07:00,1853.8,1855.0,1853.7,1854.5,566
2026-03-16 10:14:00+07:00,1854.6,1854.6,1853.0,1853.9,862
2026-03-16 10:15:00+07:00,1853.8,1854.0,1852.7,1853.5,930
2026-03-16 10:16:00+07:00,1853.5,1854.8,1853.4,1853.8,736
2026-03-16 10:17:00+07:00,1853.8,1854.0,1853.4,1854.0,339
2026-03-16 10:18:00+07:00,1854.0,1854.6,1852.7,1853.1,643
2026-03-16 10:19:00+07:00,1853.3,1854.0,1853.0,1854.0,687
2026-03-16 10:20:00+07:00,1854.0,1854.6,1852.0,1852.0,1132
2026-03-16 10:21:00+07:00,1852.0,1853.1,1852.0,1853.0,281
2026-03-16 10:22:00+07:00,1853.0,1854.8,1852.9,1854.3,543
2026-03-16 10:23:00+07:00,1854.6,1855.0,1853.6,1854.0,702
2026-03-16 10:24:00+07:00,1854.0,1855.0,1854.0,1855.0,451
2026-03-16 10:25:00+07:00,1855.0,1855.2,1850.7,1851.4,2053
2026-03-16 10:26:00+07:00,1851.4,1852.6,1850.5,1851.9,1366
2026-03-16 10:27:00+07:00,1851.9,1852.9,1851.2,1852.0,596
2026-03-16 10:28:00+07:00,1852.0,1853.4,1851.6,1851.6,575
2026-03-16 10:29:00+07:00,1851.7,1853.4,1851.5,1852.8,519
2026-03-16 10:30:00+07:00,1852.8,1854.5,1852.6,1853.2,754
2026-03-16 10:31:00+07:00,1853.4,1853.7,1852.7,1852.8,428
2026-03-16 10:32:00+07:00,1852.8,1853.8,1852.7,1853.4,248
2026-03-16 10:33:00+07:00,1853.3,1854.5,1853.1,1853.5,522
2026-03-16 10:34:00+07:00,1853.5,1856.4,1853.5,1856.3,1739
2026-03-16 10:35:00+07:00,1856.3,1858.5,1856.3,1857.0,2290
2026-03-16 10:36:00+07:00,1857.0,1857.9,1856.3,1857.2,782
2026-03-16 10:37:00+07:00,1857.5,1858.0,1856.2,1856.3,979
2026-03-16 10:38:00+07:00,1856.3,1857.2,1855.5,1855.6,677
2026-03-16 10:39:00+07:00,1855.8,1856.7,1855.3,1855.3,744
2026-03-16 10:40:00+07:00,1855.3,1855.3,1854.0,1855.0,1040
2026-03-16 10:41:00+07:00,1855.0,1855.0,1854.2,1854.5,304
2026-03-16 10:42:00+07:00,1854.9,1855.5,1854.5,1855.0,398
2026-03-16 10:43:00+07:00,1855.1,1855.4,1853.8,1853.9,495
2026-03-16 10:44:00+07:00,1853.7,1854.6,1853.2,1853.2,441
2026-03-16 10:45:00+07:00,1853.3,1853.9,1850.6,1852.4,1621
2026-03-16 10:46:00+07:00,1852.5,1854.9,1852.2,1853.7,904
2026-03-16 10:47:00+07:00,1853.8,1854.6,1853.6,1853.6,183
2026-03-16 10:48:00+07:00,1853.6,1855.1,1853.6,1854.5,404
2026-03-16 10:49:00+07:00,1854.5,1854.6,1853.8,1854.1,194
2026-03-16 10:50:00+07:00,1854.5,1854.5,1853.6,1853.7,317
2026-03-16 10:51:00+07:00,1853.7,1853.7,1851.7,1852.3,1193
2026-03-16 10:52:00+07:00,1852.3,1853.6,1851.1,1852.6,928
2026-03-16 10:53:00+07:00,1852.7,1853.0,1851.4,1851.4,362
2026-03-16 10:54:00+07:00,1851.8,1852.0,1849.0,1849.5,2702
2026-03-16 10:55:00+07:00,1849.6,1850.4,1848.6,1849.6,1236
2026-03-16 10:56:00+07:00,1849.6,1849.6,1847.6,1847.6,1451
2026-03-16 10:57:00+07:00,1847.5,1848.0,1846.5,1847.4,1303
2026-03-16 10:58:00+07:00,1847.4,1847.9,1846.6,1847.5,743
2026-03-16 10:59:00+07:00,1847.6,1848.9,1847.3,1847.9,669
2026-03-16 11:00:00+07:00,1847.9,1848.0,1845.7,1846.1,1173
2026-03-16 11:01:00+07:00,1846.1,1847.9,1845.9,1846.9,841
2026-03-16 11:02:00+07:00,1846.8,1846.9,1845.6,1846.0,513
2026-03-16 11:03:00+07:00,1846.0,1847.3,1845.7,1846.8,423
2026-03-16 11:04:00+07:00,1846.7,1847.8,1845.4,1845.6,957
2026-03-16 11:05:00+07:00,1845.6,1846.7,1845.2,1846.0,673
2026-03-16 11:06:00+07:00,1846.0,1847.5,1845.5,1846.9,604
2026-03-16 11:07:00+07:00,1846.8,1847.7,1846.3,1846.9,437
2026-03-16 11:08:00+07:00,1846.9,1847.8,1846.5,1847.0,421
2026-03-16 11:09:00+07:00,1846.8,1847.2,1846.1,1847.0,493
2026-03-16 11:10:00+07:00,1847.2,1847.9,1846.5,1847.7,691
2026-03-16 11:11:00+07:00,1847.8,1848.7,1847.6,1847.6,875
2026-03-16 11:12:00+07:00,1847.8,1848.3,1847.4,1847.4,377
2026-03-16 11:13:00+07:00,1847.6,1847.9,1846.6,1847.3,362
2026-03-16 11:14:00+07:00,1847.4,1847.8,1846.7,1847.0,356
2026-03-16 11:15:00+07:00,1847.2,1848.0,1846.8,1847.7,436
2026-03-16 11:16:00+07:00,1847.7,1849.0,1847.4,1847.6,757
2026-03-16 11:17:00+07:00,1847.6,1849.0,1847.6,1848.7,674
2026-03-16 11:18:00+07:00,1848.9,1849.5,1848.2,1848.8,821
2026-03-16 11:19:00+07:00,1848.7,1851.8,1848.7,1851.8,1227
2026-03-16 11:20:00+07:00,1851.6,1852.6,1851.0,1852.4,1535
2026-03-16 11:21:00+07:00,1852.0,1854.4,1852.0,1853.3,1501
2026-03-16 11:22:00+07:00,1853.3,1855.5,1852.8,1854.3,1463
2026-03-16 11:23:00+07:00,1854.3,1854.3,1851.6,1851.8,1349
2026-03-16 11:24:00+07:00,1852.2,1852.3,1850.4,1851.4,937
2026-03-16 11:25:00+07:00,1851.5,1851.8,1848.7,1849.1,1102
2026-03-16 11:26:00+07:00,1849.1,1849.9,1848.7,1849.4,568
2026-03-16 11:27:00+07:00,1849.4,1851.7,1849.4,1850.6,402
2026-03-16 11:28:00+07:00,1850.5,1851.9,1850.2,1851.3,388
2026-03-16 11:29:00+07:00,1851.4,1852.7,1851.1,1851.7,953
2026-03-16 13:00:00+07:00,1851.5,1854.6,1851.5,1853.9,1442
2026-03-16 13:01:00+07:00,1853.9,1854.7,1853.2,1854.6,1506
2026-03-16 13:02:00+07:00,1854.5,1854.7,1853.1,1853.1,1143
2026-03-16 13:03:00+07:00,1853.2,1853.5,1851.7,1852.9,505
2026-03-16 13:04:00+07:00,1852.5,1852.8,1852.1,1852.4,424
2026-03-16 13:05:00+07:00,1852.8,1852.9,1851.1,1851.5,823
2026-03-16 13:06:00+07:00,1851.4,1851.9,1849.2,1849.4,1343
2026-03-16 13:07:00+07:00,1849.6,1850.0,1848.5,1849.3,1032
2026-03-16 13:08:00+07:00,1849.3,1850.0,1848.6,1848.8,442
2026-03-16 13:09:00+07:00,1848.8,1850.1,1848.6,1849.5,553
2026-03-16 13:10:00+07:00,1849.4,1850.4,1849.3,1849.6,462
2026-03-16 13:11:00+07:00,1849.6,1850.5,1849.6,1850.5,307
2026-03-16 13:12:00+07:00,1850.5,1851.4,1850.3,1851.1,1350
2026-03-16 13:13:00+07:00,1851.1,1851.4,1850.2,1850.4,533
2026-03-16 13:14:00+07:00,1850.6,1851.3,1850.0,1851.2,408
2026-03-16 13:15:00+07:00,1851.2,1852.5,1851.0,1852.3,892
2026-03-16 13:16:00+07:00,1852.0,1852.4,1851.3,1852.4,631
2026-03-16 13:17:00+07:00,1852.4,1853.0,1851.9,1852.8,776
2026-03-16 13:18:00+07:00,1852.8,1853.0,1852.2,1852.7,440
2026-03-16 13:19:00+07:00,1852.9,1853.5,1852.2,1853.4,823
2026-03-16 13:20:00+07:00,1853.0,1854.6,1853.0,1854.0,1301
2026-03-16 13:21:00+07:00,1854.3,1854.5,1853.6,1853.7,434
2026-03-16 13:22:00+07:00,1853.7,1854.5,1852.1,1852.7,1021
2026-03-16 13:23:00+07:00,1852.7,1853.8,1852.1,1852.1,466
2026-03-16 13:24:00+07:00,1852.3,1852.3,1850.6,1850.9,1028
2026-03-16 13:25:00+07:00,1851.0,1851.4,1848.4,1848.9,1520
2026-03-16 13:26:00+07:00,1848.5,1849.0,1846.4,1846.8,2167
2026-03-16 13:27:00+07:00,1846.8,1847.6,1846.5,1846.7,1179
2026-03-16 13:28:00+07:00,1846.7,1846.7,1844.0,1845.9,3060
2026-03-16 13:29:00+07:00,1845.4,1846.6,1845.1,1845.8,1105
2026-03-16 13:30:00+07:00,1846.2,1846.3,1843.8,1845.0,1533
2026-03-16 13:31:00+07:00,1845.0,1846.0,1844.2,1845.6,1242
2026-03-16 13:32:00+07:00,1845.8,1846.6,1844.5,1844.5,927
2026-03-16 13:33:00+07:00,1844.5,1844.9,1842.2,1843.4,2189
2026-03-16 13:34:00+07:00,1843.5,1843.9,1842.7,1843.0,835
2026-03-16 13:35:00+07:00,1843.1,1845.0,1842.7,1843.5,1011
2026-03-16 13:36:00+07:00,1843.5,1844.6,1842.5,1844.4,856
2026-03-16 13:37:00+07:00,1844.1,1845.5,1843.6,1845.5,1220
2026-03-16 13:38:00+07:00,1845.5,1845.9,1844.0,1844.4,753
2026-03-16 13:39:00+07:00,1844.4,1845.7,1844.1,1844.5,643
2026-03-16 13:40:00+07:00,1844.5,1844.7,1843.5,1843.7,612
2026-03-16 13:41:00+07:00,1843.6,1843.6,1841.0,1841.9,2326
2026-03-16 13:42:00+07:00,1841.9,1842.0,1841.1,1841.3,1294
2026-03-16 13:43:00+07:00,1841.3,1843.5,1840.6,1842.6,1325
2026-03-16 13:44:00+07:00,1842.4,1844.3,1842.1,1843.1,915
2026-03-16 13:45:00+07:00,1843.1,1844.0,1842.0,1843.4,795
2026-03-16 13:46:00+07:00,1843.5,1843.8,1842.2,1842.2,312
2026-03-16 13:47:00+07:00,1842.2,1844.0,1841.3,1844.0,1167
2026-03-16 13:48:00+07:00,1844.0,1845.5,1843.6,1845.4,1405
2026-03-16 13:49:00+07:00,1845.4,1845.6,1844.1,1845.5,597
2026-03-16 13:50:00+07:00,1845.5,1845.6,1842.8,1843.0,713
2026-03-16 13:51:00+07:00,1842.9,1843.8,1842.8,1843.6,420
2026-03-16 13:52:00+07:00,1843.7,1843.9,1841.5,1842.7,1009
2026-03-16 13:53:00+07:00,1842.2,1842.7,1841.1,1841.5,644
2026-03-16 13:54:00+07:00,1841.5,1843.7,1841.5,1843.0,580
2026-03-16 13:55:00+07:00,1843.0,1844.8,1842.8,1843.1,724
2026-03-16 13:56:00+07:00,1843.1,1843.4,1842.1,1842.3,600
2026-03-16 13:57:00+07:00,1842.4,1843.6,1842.3,1843.1,269
2026-03-16 13:58:00+07:00,1842.7,1844.8,1842.7,1843.6,683
2026-03-16 13:59:00+07:00,1843.3,1844.3,1842.6,1843.0,501
2026-03-16 14:00:00+07:00,1843.0,1843.4,1842.0,1842.2,873
2026-03-16 14:01:00+07:00,1842.0,1842.8,1841.1,1842.4,1005
2026-03-16 14:02:00+07:00,1842.7,1842.8,1841.9,1842.0,272
2026-03-16 14:03:00+07:00,1842.0,1842.8,1841.3,1842.0,556
2026-03-16 14:04:00+07:00,1842.1,1844.5,1841.6,1844.3,1192
2026-03-16 14:05:00+07:00,1844.3,1847.5,1843.4,1847.2,2202
2026-03-16 14:06:00+07:00,1846.8,1848.0,1845.0,1845.9,1955
2026-03-16 14:07:00+07:00,1845.9,1846.0,1844.6,1845.5,817
2026-03-16 14:08:00+07:00,1845.5,1846.0,1842.1,1843.0,1157
2026-03-16 14:09:00+07:00,1843.0,1843.0,1837.3,1838.7,5408
2026-03-16 14:10:00+07:00,1838.3,1841.0,1836.7,1840.0,2927
2026-03-16 14:11:00+07:00,1840.0,1843.7,1839.9,1841.3,1399
2026-03-16 14:12:00+07:00,1841.5,1843.0,1840.6,1842.5,1790
2026-03-16 14:13:00+07:00,1842.1,1843.8,1840.3,1843.8,1323
2026-03-16 14:14:00+07:00,1843.8,1843.8,1840.5,1841.6,1393
2026-03-16 14:15:00+07:00,1841.6,1843.9,1840.8,1843.2,910
2026-03-16 14:16:00+07:00,1843.1,1846.9,1842.8,1846.5,1758
2026-03-16 14:17:00+07:00,1846.7,1846.8,1844.6,1844.8,1977
2026-03-16 14:18:00+07:00,1845.1,1848.0,1844.5,1847.6,1778
2026-03-16 14:19:00+07:00,1847.3,1851.8,1846.6,1851.4,3781
2026-03-16 14:20:00+07:00,1851.5,1852.0,1848.3,1850.4,2967
2026-03-16 14:21:00+07:00,1849.9,1854.8,1849.8,1854.5,4215
2026-03-16 14:22:00+07:00,1854.6,1855.0,1850.2,1850.7,3117
2026-03-16 14:23:00+07:00,1850.7,1852.6,1848.8,1850.1,2694
2026-03-16 14:24:00+07:00,1850.0,1852.8,1849.3,1852.0,1255
2026-03-16 14:25:00+07:00,1852.0,1854.0,1850.4,1851.0,1834
2026-03-16 14:26:00+07:00,1851.0,1851.6,1850.2,1850.5,873
2026-03-16 14:27:00+07:00,1850.7,1852.0,1850.3,1851.0,1598
2026-03-16 14:28:00+07:00,1851.0,1852.6,1850.9,1851.7,1255
2026-03-16 14:29:00+07:00,1852.0,1852.0,1848.7,1850.3,1832
2026-03-16 14:45:00+07:00,1851.3,1851.3,1851.3,1851.3,4562
2026-03-17 09:00:00+07:00,1868.0,1869.8,1867.3,1868.0,4147
2026-03-17 09:01:00+07:00,1868.5,1872.6,1868.0,1872.4,3383
2026-03-17 09:02:00+07:00,1872.4,1874.3,1871.9,1872.6,2304
2026-03-17 09:03:00+07:00,1872.7,1873.0,1869.2,1869.8,1758
2026-03-17 09:04:00+07:00,1869.8,1870.8,1869.0,1870.5,1137
2026-03-17 09:05:00+07:00,1870.3,1872.0,1869.9,1870.2,1174
2026-03-17 09:06:00+07:00,1870.2,1870.9,1870.0,1870.8,354
2026-03-17 09:07:00+07:00,1870.6,1871.6,1870.0,1871.3,612
2026-03-17 09:08:00+07:00,1871.5,1872.2,1871.2,1871.6,573
2026-03-17 09:09:00+07:00,1871.6,1871.7,1870.0,1870.8,637
2026-03-17 09:10:00+07:00,1870.8,1873.2,1870.8,1872.9,1247
2026-03-17 09:11:00+07:00,1872.9,1873.9,1871.7,1872.0,1044
2026-03-17 09:12:00+07:00,1872.0,1873.0,1870.9,1872.7,919
2026-03-17 09:13:00+07:00,1873.0,1873.7,1872.3,1873.1,519
2026-03-17 09:14:00+07:00,1873.1,1874.9,1872.7,1874.4,1168
2026-03-17 09:15:00+07:00,1874.4,1875.5,1872.7,1873.3,2143
2026-03-17 09:16:00+07:00,1873.7,1875.8,1872.9,1872.9,1114
2026-03-17 09:17:00+07:00,1873.0,1874.3,1872.4,1873.6,595
2026-03-17 09:18:00+07:00,1873.6,1873.9,1872.4,1872.4,1105
2026-03-17 09:19:00+07:00,1873.0,1873.4,1872.5,1872.6,428
2026-03-17 09:20:00+07:00,1872.6,1874.7,1872.6,1874.1,682
2026-03-17 09:21:00+07:00,1874.5,1877.0,1873.9,1875.9,1998
2026-03-17 09:22:00+07:00,1876.0,1884.1,1875.8,1881.7,4373
2026-03-17 09:23:00+07:00,1881.0,1885.8,1880.5,1883.4,4076
2026-03-17 09:24:00+07:00,1883.4,1920.0,1883.1,1896.6,6794
2026-03-17 09:25:00+07:00,1897.0,1897.6,1890.3,1893.0,5060
2026-03-17 09:26:00+07:00,1893.2,1896.2,1890.0,1895.1,2306
2026-03-17 09:27:00+07:00,1895.1,1896.9,1893.5,1895.0,1944
2026-03-17 09:28:00+07:00,1895.0,1896.0,1892.6,1893.0,1391
2026-03-17 09:29:00+07:00,1893.0,1894.0,1891.5,1893.2,1411
2026-03-17 09:30:00+07:00,1893.1,1898.0,1892.7,1895.0,2926
2026-03-17 09:31:00+07:00,1895.0,1896.8,1892.7,1893.1,1574
2026-03-17 09:32:00+07:00,1893.0,1893.8,1892.5,1893.2,1024
2026-03-17 09:33:00+07:00,1893.0,1894.1,1892.7,1893.2,748
2026-03-17 09:34:00+07:00,1893.1,1893.7,1892.0,1892.5,1757
2026-03-17 09:35:00+07:00,1892.4,1894.0,1892.4,1894.0,888
2026-03-17 09:36:00+07:00,1893.9,1895.9,1893.6,1895.6,1282
2026-03-17 09:37:00+07:00,1895.8,1900.0,1895.6,1898.0,3151
2026-03-17 09:38:00+07:00,1897.9,1902.7,1897.9,1901.7,3016
2026-03-17 09:39:00+07:00,1902.0,1905.9,1902.0,1903.5,3024
2026-03-17 09:40:00+07:00,1903.7,1907.4,1902.0,1902.1,2427
2026-03-17 09:41:00+07:00,1902.1,1903.0,1899.5,1900.3,2355
2026-03-17 09:42:00+07:00,1900.4,1901.9,1898.0,1899.0,1376
2026-03-17 09:43:00+07:00,1899.3,1899.9,1897.0,1897.5,1498
2026-03-17 09:44:00+07:00,1897.8,1898.0,1896.6,1897.1,979
2026-03-17 09:45:00+07:00,1897.1,1899.9,1897.1,1898.0,1103
2026-03-17 09:46:00+07:00,1897.9,1898.2,1896.1,1897.0,953
2026-03-17 09:47:00+07:00,1897.1,1897.8,1896.1,1897.4,682
2026-03-17 09:48:00+07:00,1897.1,1897.4,1895.3,1896.1,979
2026-03-17 09:49:00+07:00,1896.1,1897.6,1895.4,1897.0,761
2026-03-17 09:50:00+07:00,1896.9,1897.8,1896.6,1896.7,353
2026-03-17 09:51:00+07:00,1897.0,1899.0,1896.6,1897.9,768
2026-03-17 09:52:00+07:00,1897.8,1897.9,1896.7,1896.9,510
2026-03-17 09:53:00+07:00,1896.7,1897.0,1894.0,1895.1,1578
2026-03-17 09:54:00+07:00,1894.9,1895.9,1894.4,1894.5,923
2026-03-17 09:55:00+07:00,1894.6,1895.5,1894.3,1894.8,460
2026-03-17 09:56:00+07:00,1895.0,1896.5,1894.8,1896.5,664
2026-03-17 09:57:00+07:00,1896.5,1896.9,1894.7,1895.2,576
2026-03-17 09:58:00+07:00,1895.2,1895.4,1893.5,1893.7,732
2026-03-17 09:59:00+07:00,1894.0,1896.0,1893.8,1895.4,647
2026-03-17 10:00:00+07:00,1895.4,1896.0,1895.1,1895.2,755
2026-03-17 10:01:00+07:00,1895.2,1898.0,1895.2,1897.9,1570
2026-03-17 10:02:00+07:00,1897.9,1898.0,1896.0,1896.5,1051
2026-03-17 10:03:00+07:00,1896.2,1896.8,1894.0,1894.8,790
2026-03-17 10:04:00+07:00,1894.3,1895.7,1893.5,1893.8,822
2026-03-17 10:05:00+07:00,1893.8,1894.0,1892.8,1894.0,1001
2026-03-17 10:06:00+07:00,1893.7,1894.0,1892.6,1892.6,588
2026-03-17 10:07:00+07:00,1892.9,1894.0,1891.5,1894.0,1292
2026-03-17 10:08:00+07:00,1894.0,1895.7,1893.6,1894.0,839
2026-03-17 10:09:00+07:00,1894.2,1896.5,1893.7,1894.4,858
2026-03-17 10:10:00+07:00,1894.4,1895.5,1894.0,1894.5,461
2026-03-17 10:11:00+07:00,1894.5,1897.8,1894.5,1896.7,1024
2026-03-17 10:12:00+07:00,1896.5,1897.5,1895.4,1896.6,1096
2026-03-17 10:13:00+07:00,1896.8,1897.0,1896.1,1896.5,425
2026-03-17 10:14:00+07:00,1896.5,1897.0,1895.0,1895.9,473
2026-03-17 10:15:00+07:00,1895.9,1896.2,1894.5,1895.0,506
2026-03-17 10:16:00+07:00,1894.8,1895.1,1894.0,1895.1,332
2026-03-17 10:17:00+07:00,1894.7,1895.8,1894.5,1894.5,285
2026-03-17 10:18:00+07:00,1894.5,1894.9,1893.2,1894.0,589
2026-03-17 10:19:00+07:00,1894.0,1895.3,1893.9,1894.3,211
2026-03-17 10:20:00+07:00,1894.4,1895.4,1893.5,1895.0,297
2026-03-17 10:21:00+07:00,1895.0,1895.1,1893.2,1894.5,365
2026-03-17 10:22:00+07:00,1894.4,1894.8,1893.5,1893.7,381
2026-03-17 10:23:00+07:00,1893.7,1894.9,1893.1,1893.3,387
2026-03-17 10:24:00+07:00,1893.3,1895.9,1893.3,1894.7,906
2026-03-17 10:25:00+07:00,1894.8,1894.9,1893.8,1894.4,598
2026-03-17 10:26:00+07:00,1894.4,1895.7,1894.1,1894.5,449
2026-03-17 10:27:00+07:00,1894.6,1896.0,1894.3,1896.0,397
2026-03-17 10:28:00+07:00,1896.0,1896.5,1894.9,1895.3,651
2026-03-17 10:29:00+07:00,1895.6,1895.7,1894.5,1895.1,226
2026-03-17 10:30:00+07:00,1895.1,1895.5,1894.5,1895.5,253
2026-03-17 10:31:00+07:00,1895.5,1897.3,1895.0,1897.1,1118
2026-03-17 10:32:00+07:00,1897.1,1898.6,1896.5,1897.3,1561
2026-03-17 10:33:00+07:00,1897.4,1897.5,1895.0,1895.6,854
2026-03-17 10:34:00+07:00,1895.6,1897.0,1895.6,1897.0,333
2026-03-17 10:35:00+07:00,1897.0,1897.5,1896.4,1896.9,222
2026-03-17 10:36:00+07:00,1896.8,1897.5,1895.7,1896.2,525
2026-03-17 10:37:00+07:00,1895.8,1897.4,1895.8,1897.3,257
2026-03-17 10:38:00+07:00,1897.3,1897.3,1896.3,1897.0,186
2026-03-17 10:39:00+07:00,1897.0,1897.3,1894.6,1895.0,894
2026-03-17 10:40:00+07:00,1895.0,1895.1,1893.4,1893.5,1579
2026-03-17 10:41:00+07:00,1893.8,1894.4,1893.3,1893.5,510
2026-03-17 10:42:00+07:00,1893.5,1893.7,1892.3,1893.2,1057
2026-03-17 10:43:00+07:00,1893.2,1894.2,1893.0,1893.9,292
2026-03-17 10:44:00+07:00,1893.9,1893.9,1893.0,1893.5,359
2026-03-17 10:45:00+07:00,1893.5,1895.7,1893.5,1894.3,628
2026-03-17 10:46:00+07:00,1894.3,1896.5,1894.3,1895.7,529
2026-03-17 10:47:00+07:00,1895.4,1896.5,1894.7,1896.2,420
2026-03-17 10:48:00+07:00,1896.5,1896.5,1894.6,1895.5,487
2026-03-17 10:49:00+07:00,1895.3,1895.3,1894.4,1894.4,293
2026-03-17 10:50:00+07:00,1894.5,1895.4,1894.2,1895.2,161
2026-03-17 10:51:00+07:00,1894.8,1896.6,1894.8,1896.6,409
2026-03-17 10:52:00+07:00,1896.6,1897.9,1895.8,1896.4,993
2026-03-17 10:53:00+07:00,1896.5,1896.8,1895.4,1895.4,329
2026-03-17 10:54:00+07:00,1895.4,1895.6,1894.8,1895.4,308
2026-03-17 10:55:00+07:00,1895.5,1897.4,1895.5,1896.3,400
2026-03-17 10:56:00+07:00,1896.4,1897.4,1895.8,1897.3,360
2026-03-17 10:57:00+07:00,1897.3,1897.4,1896.1,1896.4,354
2026-03-17 10:58:00+07:00,1896.4,1896.6,1894.5,1895.0,721
2026-03-17 10:59:00+07:00,1895.1,1895.9,1894.5,1895.5,476
2026-03-17 11:00:00+07:00,1895.5,1895.5,1893.5,1894.4,638
2026-03-17 11:01:00+07:00,1894.4,1894.5,1893.0,1893.7,976
2026-03-17 11:02:00+07:00,1893.7,1894.6,1893.2,1894.6,324
2026-03-17 11:03:00+07:00,1894.2,1894.8,1893.5,1893.5,311
2026-03-17 11:04:00+07:00,1893.6,1894.8,1893.6,1894.3,100
2026-03-17 11:05:00+07:00,1894.3,1895.4,1894.3,1894.5,231
2026-03-17 11:06:00+07:00,1894.5,1895.9,1894.4,1895.9,208
2026-03-17 11:07:00+07:00,1895.9,1895.9,1893.7,1894.1,437
2026-03-17 11:08:00+07:00,1894.1,1894.6,1893.6,1894.0,283
2026-03-17 11:09:00+07:00,1893.8,1894.8,1893.8,1894.1,84
2026-03-17 11:10:00+07:00,1894.1,1894.5,1893.5,1893.7,400
2026-03-17 11:11:00+07:00,1894.0,1894.8,1893.7,1894.0,178
2026-03-17 11:12:00+07:00,1894.0,1894.9,1893.8,1894.0,192
2026-03-17 11:13:00+07:00,1894.0,1894.5,1893.9,1894.0,111
2026-03-17 11:14:00+07:00,1894.1,1894.7,1894.0,1894.7,125
2026-03-17 11:15:00+07:00,1894.7,1895.7,1894.0,1894.2,343
2026-03-17 11:16:00+07:00,1894.2,1895.0,1894.0,1894.8,117
2026-03-17 11:17:00+07:00,1894.8,1896.0,1894.6,1895.7,356
2026-03-17 11:18:00+07:00,1895.7,1897.5,1895.5,1897.4,986
2026-03-17 11:19:00+07:00,1897.0,1897.6,1896.3,1896.5,789
2026-03-17 11:20:00+07:00,1896.5,1896.8,1895.3,1895.3,501
2026-03-17 11:21:00+07:00,1895.5,1896.7,1895.2,1896.7,331
2026-03-17 11:22:00+07:00,1896.6,1897.3,1895.8,1896.2,308
2026-03-17 11:23:00+07:00,1896.2,1897.0,1896.1,1896.6,134
2026-03-17 11:24:00+07:00,1896.6,1897.0,1896.0,1896.1,202
2026-03-17 11:25:00+07:00,1896.3,1896.9,1895.6,1896.1,219
2026-03-17 11:26:00+07:00,1896.1,1897.2,1896.1,1896.9,399
2026-03-17 11:27:00+07:00,1897.0,1898.4,1897.0,1897.5,1411
2026-03-17 11:28:00+07:00,1897.5,1898.0,1897.0,1897.6,725
2026-03-17 11:29:00+07:00,1898.0,1900.1,1897.8,1899.4,1875
2026-03-17 13:00:00+07:00,1899.0,1899.6,1888.1,1889.8,5327
2026-03-17 13:01:00+07:00,1889.7,1891.8,1886.0,1887.2,4536
2026-03-17 13:02:00+07:00,1887.4,1888.2,1883.0,1885.0,3822
2026-03-17 13:03:00+07:00,1885.0,1887.2,1883.3,1887.2,1930
2026-03-17 13:04:00+07:00,1887.2,1887.2,1883.4,1883.9,2218
2026-03-17 13:05:00+07:00,1883.5,1884.8,1882.5,1884.5,2200
2026-03-17 13:06:00+07:00,1884.5,1885.6,1883.6,1884.9,1268
2026-03-17 13:07:00+07:00,1884.9,1885.1,1881.3,1882.2,3119
2026-03-17 13:08:00+07:00,1882.5,1883.5,1880.1,1881.9,2564
2026-03-17 13:09:00+07:00,1881.9,1884.3,1881.8,1882.7,1261
2026-03-17 13:10:00+07:00,1883.0,1884.4,1881.3,1883.0,1195
2026-03-17 13:11:00+07:00,1883.0,1885.0,1882.5,1884.0,1047
2026-03-17 13:12:00+07:00,1883.9,1885.0,1883.5,1884.9,782
2026-03-17 13:13:00+07:00,1884.8,1884.9,1881.8,1882.2,1145
2026-03-17 13:14:00+07:00,1882.1,1882.5,1880.0,1881.0,2180
2026-03-17 13:15:00+07:00,1881.0,1883.0,1880.1,1883.0,1093
2026-03-17 13:16:00+07:00,1883.0,1883.7,1880.5,1882.0,1308
2026-03-17 13:17:00+07:00,1882.1,1883.5,1881.9,1883.1,632
2026-03-17 13:18:00+07:00,1883.1,1883.1,1880.8,1881.9,691
2026-03-17 13:19:00+07:00,1881.7,1882.8,1880.9,1882.7,788
2026-03-17 13:20:00+07:00,1882.5,1883.9,1881.7,1883.5,1170
2026-03-17 13:21:00+07:00,1883.5,1885.0,1882.5,1884.5,1019
2026-03-17 13:22:00+07:00,1884.5,1884.6,1882.8,1883.5,471
2026-03-17 13:23:00+07:00,1883.1,1884.0,1882.8,1883.4,494
2026-03-17 13:24:00+07:00,1883.4,1883.4,1881.6,1882.4,824
2026-03-17 13:25:00+07:00,1882.4,1883.7,1882.1,1882.4,567
2026-03-17 13:26:00+07:00,1882.6,1884.8,1882.4,1884.0,658
2026-03-17 13:27:00+07:00,1884.0,1884.0,1882.9,1883.0,555
2026-03-17 13:28:00+07:00,1883.0,1884.5,1882.0,1884.3,765
2026-03-17 13:29:00+07:00,1884.5,1884.6,1883.0,1884.4,532
2026-03-17 13:30:00+07:00,1884.2,1884.5,1882.5,1883.1,677
2026-03-17 13:31:00+07:00,1882.8,1883.3,1881.0,1881.5,1386
2026-03-17 13:32:00+07:00,1881.4,1883.2,1881.0,1882.5,582
2026-03-17 13:33:00+07:00,1882.9,1883.7,1882.5,1883.6,311
2026-03-17 13:34:00+07:00,1883.4,1883.7,1882.6,1883.3,704
2026-03-17 13:35:00+07:00,1883.0,1883.0,1881.9,1882.5,342
2026-03-17 13:36:00+07:00,1882.3,1883.4,1882.3,1882.9,228
2026-03-17 13:37:00+07:00,1882.9,1883.0,1882.1,1882.5,318
2026-03-17 13:38:00+07:00,1882.5,1882.7,1881.6,1881.6,443
2026-03-17 13:39:00+07:00,1881.9,1883.0,1881.6,1882.5,605
2026-03-17 13:40:00+07:00,1882.3,1884.8,1881.7,1883.6,959
2026-03-17 13:41:00+07:00,1883.6,1883.8,1882.6,1882.6,275
2026-03-17 13:42:00+07:00,1882.8,1884.3,1882.8,1883.6,330
2026-03-17 13:43:00+07:00,1883.6,1884.5,1882.9,1882.9,753
2026-03-17 13:44:00+07:00,1882.9,1883.8,1878.9,1880.0,3311
2026-03-17 13:45:00+07:00,1879.9,1880.6,1878.1,1879.2,2491
2026-03-17 13:46:00+07:00,1879.5,1879.8,1878.2,1878.9,1186
2026-03-17 13:47:00+07:00,1878.9,1879.1,1877.7,1879.0,1666
2026-03-17 13:48:00+07:00,1878.8,1880.0,1878.6,1879.0,954
2026-03-17 13:49:00+07:00,1879.0,1879.3,1878.5,1878.5,308
2026-03-17 13:50:00+07:00,1878.5,1879.5,1877.0,1878.2,1345
2026-03-17 13:51:00+07:00,1878.1,1879.2,1877.0,1878.0,1016
2026-03-17 13:52:00+07:00,1878.0,1878.0,1876.1,1876.5,1265
2026-03-17 13:53:00+07:00,1876.7,1877.4,1876.2,1876.6,986
2026-03-17 13:54:00+07:00,1876.7,1878.0,1876.0,1877.7,772
2026-03-17 13:55:00+07:00,1877.5,1878.8,1877.0,1878.5,670
2026-03-17 13:56:00+07:00,1878.5,1878.5,1877.5,1877.5,455
2026-03-17 13:57:00+07:00,1877.5,1877.5,1876.0,1876.6,1034
2026-03-17 13:58:00+07:00,1876.7,1876.7,1873.6,1875.9,2243
2026-03-17 13:59:00+07:00,1875.6,1876.5,1874.3,1876.1,895
2026-03-17 14:00:00+07:00,1876.1,1880.0,1875.5,1878.2,2310
2026-03-17 14:01:00+07:00,1878.2,1883.3,1878.0,1880.3,3403
2026-03-17 14:02:00+07:00,1880.0,1881.0,1878.0,1879.3,1523
2026-03-17 14:03:00+07:00,1879.5,1881.7,1879.4,1881.4,1428
2026-03-17 14:04:00+07:00,1881.6,1882.9,1880.3,1882.4,1537
2026-03-17 14:05:00+07:00,1882.4,1883.4,1881.5,1882.1,1825
2026-03-17 14:06:00+07:00,1882.2,1883.9,1881.6,1883.9,1258
2026-03-17 14:07:00+07:00,1883.9,1883.9,1882.2,1882.5,1025
2026-03-17 14:08:00+07:00,1882.5,1882.7,1879.0,1880.8,1464
2026-03-17 14:09:00+07:00,1880.9,1882.8,1880.5,1882.5,700
2026-03-17 14:10:00+07:00,1882.6,1883.3,1881.5,1882.6,1026
2026-03-17 14:11:00+07:00,1882.8,1882.9,1881.1,1881.1,1016
2026-03-17 14:12:00+07:00,1881.5,1881.6,1879.4,1880.6,1652
2026-03-17 14:13:00+07:00,1880.6,1881.0,1875.3,1875.8,2864
2026-03-17 14:14:00+07:00,1875.4,1878.0,1872.8,1875.3,3780
2026-03-17 14:15:00+07:00,1875.3,1875.3,1870.8,1872.0,3038
2026-03-17 14:16:00+07:00,1872.0,1874.5,1871.8,1873.6,1705
2026-03-17 14:17:00+07:00,1873.6,1874.5,1872.9,1874.4,956
2026-03-17 14:18:00+07:00,1874.2,1874.5,1871.4,1873.7,1197
2026-03-17 14:19:00+07:00,1873.7,1877.0,1873.5,1876.5,1916
2026-03-17 14:20:00+07:00,1876.5,1877.0,1870.7,1875.0,2825
2026-03-17 14:21:00+07:00,1874.8,1876.9,1873.7,1874.2,1709
2026-03-17 14:22:00+07:00,1874.2,1874.9,1872.5,1873.8,1511
2026-03-17 14:23:00+07:00,1873.8,1883.5,1873.8,1881.2,4263
2026-03-17 14:24:00+07:00,1881.0,1883.0,1879.5,1881.1,2616
2026-03-17 14:25:00+07:00,1881.4,1886.2,1880.0,1880.0,4215
2026-03-17 14:26:00+07:00,1880.6,1880.6,1877.1,1878.5,1781
2026-03-17 14:27:00+07:00,1878.5,1880.9,1878.4,1878.8,1577
2026-03-17 14:28:00+07:00,1878.6,1880.5,1878.6,1879.1,757
2026-03-17 14:29:00+07:00,1879.2,1884.0,1878.8,1880.1,1956
2026-03-17 14:45:00+07:00,1877.0,1877.0,1877.0,1877.0,4962
2026-03-18 09:00:00+07:00,1896.9,1898.0,1891.5,1893.5,5222
2026-03-18 09:01:00+07:00,1893.6,1895.8,1893.0,1894.5,1892
2026-03-18 09:02:00+07:00,1894.5,1895.0,1892.8,1893.0,1031
2026-03-18 09:03:00+07:00,1893.0,1893.5,1892.5,1892.7,616
2026-03-18 09:04:00+07:00,1892.7,1893.0,1892.3,1892.5,628
2026-03-18 09:05:00+07:00,1892.8,1893.7,1892.5,1892.8,713
2026-03-18 09:06:00+07:00,1892.9,1893.5,1892.7,1892.8,341
2026-03-18 09:07:00+07:00,1892.8,1893.3,1890.5,1890.6,1013
2026-03-18 09:08:00+07:00,1890.6,1891.0,1890.5,1890.5,421
2026-03-18 09:09:00+07:00,1890.5,1890.5,1889.0,1889.0,1183
2026-03-18 09:10:00+07:00,1889.0,1889.4,1887.2,1889.3,923
2026-03-18 09:11:00+07:00,1889.3,1889.4,1888.5,1889.1,490
2026-03-18 09:12:00+07:00,1889.2,1889.7,1888.8,1889.5,308
2026-03-18 09:13:00+07:00,1889.5,1890.5,1889.2,1889.5,973
2026-03-18 09:14:00+07:00,1889.5,1890.2,1889.0,1889.0,389
2026-03-18 09:15:00+07:00,1889.0,1890.7,1888.0,1890.0,1354
2026-03-18 09:16:00+07:00,1890.1,1893.0,1890.0,1893.0,1898
2026-03-18 09:17:00+07:00,1892.8,1893.3,1891.2,1891.5,979
2026-03-18 09:18:00+07:00,1891.6,1893.0,1890.6,1891.3,868
2026-03-18 09:19:00+07:00,1891.5,1891.5,1890.1,1890.5,502
2026-03-18 09:20:00+07:00,1890.5,1890.9,1888.5,1888.5,1045
2026-03-18 09:21:00+07:00,1888.5,1890.7,1888.5,1890.1,549
2026-03-18 09:22:00+07:00,1890.1,1890.5,1889.3,1889.8,217
2026-03-18 09:23:00+07:00,1889.9,1891.6,1889.6,1890.7,473
2026-03-18 09:24:00+07:00,1891.0,1893.0,1890.7,1893.0,1042
2026-03-18 09:25:00+07:00,1893.0,1897.9,1892.6,1897.9,2823
2026-03-18 09:26:00+07:00,1897.4,1902.4,1897.4,1899.3,3663
2026-03-18 09:27:00+07:00,1899.6,1904.1,1899.4,1901.9,2198
2026-03-18 09:28:00+07:00,1901.7,1904.8,1901.4,1901.7,1895
2026-03-18 09:29:00+07:00,1901.9,1902.0,1899.8,1902.0,1522
2026-03-18 09:30:00+07:00,1901.6,1907.0,1901.6,1906.2,3475
2026-03-18 09:31:00+07:00,1906.0,1909.0,1905.1,1907.2,2750
2026-03-18 09:32:00+07:00,1907.5,1908.0,1904.1,1905.2,1599
2026-03-18 09:33:00+07:00,1905.5,1906.4,1904.6,1905.0,1334
2026-03-18 09:34:00+07:00,1905.0,1905.0,1903.3,1904.0,991
2026-03-18 09:35:00+07:00,1904.0,1904.9,1903.9,1904.0,384
2026-03-18 09:36:00+07:00,1904.0,1905.5,1903.9,1905.0,442
2026-03-18 09:37:00+07:00,1905.5,1908.5,1905.0,1908.0,1227
2026-03-18 09:38:00+07:00,1907.7,1909.0,1906.5,1907.0,2025
2026-03-18 09:39:00+07:00,1906.8,1907.0,1905.0,1905.9,895
2026-03-18 09:40:00+07:00,1905.9,1907.4,1905.0,1905.0,1065
2026-03-18 09:41:00+07:00,1905.1,1908.1,1905.0,1906.5,992
2026-03-18 09:42:00+07:00,1906.5,1906.6,1904.6,1904.7,1193
2026-03-18 09:43:00+07:00,1904.7,1906.4,1904.7,1905.8,801
2026-03-18 09:44:00+07:00,1906.2,1906.2,1904.1,1904.4,684
2026-03-18 09:45:00+07:00,1904.2,1905.5,1903.8,1905.2,1147
2026-03-18 09:46:00+07:00,1905.0,1906.0,1904.5,1905.5,445
2026-03-18 09:47:00+07:00,1905.8,1906.9,1905.3,1905.7,691
2026-03-18 09:48:00+07:00,1906.0,1906.3,1904.5,1904.8,540
2026-03-18 09:49:00+07:00,1904.8,1905.4,1903.4,1903.6,1041
2026-03-18 09:50:00+07:00,1903.6,1904.5,1903.1,1904.3,952
2026-03-18 09:51:00+07:00,1904.3,1905.0,1904.1,1904.5,257
2026-03-18 09:52:00+07:00,1904.3,1905.2,1904.2,1905.1,646
2026-03-18 09:53:00+07:00,1905.1,1905.6,1904.1,1904.5,440
2026-03-18 09:54:00+07:00,1904.5,1905.0,1904.0,1904.6,259
2026-03-18 09:55:00+07:00,1904.6,1904.6,1901.0,1901.7,2097
2026-03-18 09:56:00+07:00,1901.8,1904.3,1901.5,1903.9,1107
2026-03-18 09:57:00+07:00,1903.8,1903.8,1902.6,1902.9,528
2026-03-18 09:58:00+07:00,1902.6,1903.3,1902.0,1902.9,467
2026-03-18 09:59:00+07:00,1902.7,1903.0,1902.0,1902.0,249
2026-03-18 10:00:00+07:00,1902.1,1902.7,1898.6,1900.9,2453
2026-03-18 10:01:00+07:00,1900.6,1902.0,1899.7,1901.6,681
2026-03-18 10:02:00+07:00,1901.6,1902.4,1901.6,1902.0,531
2026-03-18 10:03:00+07:00,1902.0,1902.9,1902.0,1902.5,757
2026-03-18 10:04:00+07:00,1902.5,1903.6,1902.1,1903.4,645
2026-03-18 10:05:00+07:00,1903.4,1904.7,1902.6,1904.0,971
2026-03-18 10:06:00+07:00,1904.3,1905.5,1903.7,1905.1,976
2026-03-18 10:07:00+07:00,1905.1,1906.3,1904.8,1905.4,1257
2026-03-18 10:08:00+07:00,1905.6,1905.6,1904.2,1905.0,1061
2026-03-18 10:09:00+07:00,1905.0,1906.2,1904.9,1905.6,1011
2026-03-18 10:10:00+07:00,1905.7,1905.7,1905.0,1905.0,363
2026-03-18 10:11:00+07:00,1905.0,1908.8,1905.0,1908.5,2118
2026-03-18 10:12:00+07:00,1908.5,1908.6,1904.5,1904.5,1413
2026-03-18 10:13:00+07:00,1904.5,1905.0,1903.4,1904.9,1263
2026-03-18 10:14:00+07:00,1904.9,1905.0,1903.1,1904.0,698
2026-03-18 10:15:00+07:00,1904.0,1905.4,1903.4,1903.8,502
2026-03-18 10:16:00+07:00,1903.7,1903.7,1901.5,1903.6,1584
2026-03-18 10:17:00+07:00,1903.5,1903.9,1902.0,1903.1,505
2026-03-18 10:18:00+07:00,1903.1,1903.1,1900.7,1901.1,1146
2026-03-18 10:19:00+07:00,1901.0,1901.9,1900.5,1901.9,553
2026-03-18 10:20:00+07:00,1901.9,1902.3,1900.8,1900.9,599
2026-03-18 10:21:00+07:00,1900.9,1901.4,1898.0,1898.6,1924
2026-03-18 10:22:00+07:00,1898.4,1898.6,1896.0,1896.6,3126
2026-03-18 10:23:00+07:00,1896.6,1896.7,1895.0,1895.7,2141
2026-03-18 10:24:00+07:00,1895.7,1897.0,1892.2,1896.7,2725
2026-03-18 10:25:00+07:00,1897.0,1897.8,1895.6,1897.0,1172
2026-03-18 10:26:00+07:00,1897.0,1898.0,1896.5,1897.9,944
2026-03-18 10:27:00+07:00,1897.9,1897.9,1896.7,1896.9,556
2026-03-18 10:28:00+07:00,1896.8,1897.0,1896.0,1896.2,753
2026-03-18 10:29:00+07:00,1896.1,1896.9,1895.5,1896.4,399
2026-03-18 10:30:00+07:00,1896.5,1897.3,1896.2,1896.8,391
2026-03-18 10:31:00+07:00,1896.8,1896.8,1895.3,1895.8,409
2026-03-18 10:32:00+07:00,1895.4,1896.0,1894.2,1895.4,755
2026-03-18 10:33:00+07:00,1895.8,1897.0,1895.5,1897.0,219
2026-03-18 10:34:00+07:00,1897.0,1897.0,1896.4,1896.8,204
2026-03-18 10:35:00+07:00,1896.4,1896.9,1895.7,1895.7,372
2026-03-18 10:36:00+07:00,1895.9,1895.9,1893.5,1894.8,668
2026-03-18 10:37:00+07:00,1894.6,1894.9,1892.1,1893.3,1497
2026-03-18 10:38:00+07:00,1893.3,1894.9,1892.5,1894.2,1156
2026-03-18 10:39:00+07:00,1894.2,1894.8,1894.0,1894.4,403
2026-03-18 10:40:00+07:00,1894.2,1894.8,1894.0,1894.8,556
2026-03-18 10:41:00+07:00,1894.4,1896.5,1894.4,1895.6,738
2026-03-18 10:42:00+07:00,1895.6,1895.9,1895.2,1895.9,165
2026-03-18 10:43:00+07:00,1895.8,1895.9,1894.6,1895.0,542
2026-03-18 10:44:00+07:00,1895.0,1896.0,1895.0,1895.8,163
2026-03-18 10:45:00+07:00,1895.8,1895.8,1895.2,1895.4,124
2026-03-18 10:46:00+07:00,1895.4,1895.6,1894.1,1894.7,288
2026-03-18 10:47:00+07:00,1894.6,1894.8,1894.0,1894.0,534
2026-03-18 10:48:00+07:00,1894.4,1894.8,1894.1,1894.5,120
2026-03-18 10:49:00+07:00,1894.5,1894.6,1893.6,1893.9,497
2026-03-18 10:50:00+07:00,1893.9,1894.4,1893.7,1894.4,371
2026-03-18 10:51:00+07:00,1894.4,1894.4,1893.0,1893.3,494
2026-03-18 10:52:00+07:00,1893.3,1894.7,1893.0,1894.2,519
2026-03-18 10:53:00+07:00,1894.2,1895.6,1893.3,1894.9,509
2026-03-18 10:54:00+07:00,1894.8,1895.8,1894.4,1894.5,517
2026-03-18 10:55:00+07:00,1894.7,1896.9,1894.5,1896.5,734
2026-03-18 10:56:00+07:00,1896.0,1896.6,1895.0,1895.3,498
2026-03-18 10:57:00+07:00,1895.3,1895.6,1894.7,1895.1,306
2026-03-18 10:58:00+07:00,1895.1,1896.5,1895.0,1896.2,282
2026-03-18 10:59:00+07:00,1896.2,1896.3,1895.6,1896.1,232
2026-03-18 11:00:00+07:00,1896.3,1897.0,1896.1,1897.0,860
2026-03-18 11:01:00+07:00,1896.6,1898.8,1896.6,1898.0,1857
2026-03-18 11:02:00+07:00,1898.0,1898.0,1896.8,1897.2,1089
2026-03-18 11:03:00+07:00,1897.3,1897.7,1896.1,1896.2,670
2026-03-18 11:04:00+07:00,1896.3,1896.6,1895.2,1895.4,843
2026-03-18 11:05:00+07:00,1895.2,1896.1,1894.3,1894.6,719
2026-03-18 11:06:00+07:00,1894.6,1895.4,1893.1,1894.4,1214
2026-03-18 11:07:00+07:00,1894.2,1894.6,1893.7,1893.9,217
2026-03-18 11:08:00+07:00,1893.9,1894.5,1893.4,1894.2,302
2026-03-18 11:09:00+07:00,1894.1,1894.2,1893.4,1893.6,423
2026-03-18 11:10:00+07:00,1893.5,1893.5,1892.2,1893.5,1284
2026-03-18 11:11:00+07:00,1893.5,1894.8,1892.9,1894.7,960
2026-03-18 11:12:00+07:00,1894.6,1895.0,1892.5,1892.5,637
2026-03-18 11:13:00+07:00,1893.0,1893.0,1890.0,1892.4,2578
2026-03-18 11:14:00+07:00,1892.1,1892.1,1890.2,1891.0,864
2026-03-18 11:15:00+07:00,1890.8,1891.7,1890.5,1891.2,639
2026-03-18 11:16:00+07:00,1890.8,1891.5,1890.5,1891.0,456
2026-03-18 11:17:00+07:00,1891.0,1891.6,1890.4,1891.0,556
2026-03-18 11:18:00+07:00,1890.7,1891.0,1889.5,1890.1,977
2026-03-18 11:19:00+07:00,1889.8,1891.0,1889.5,1890.8,494
2026-03-18 11:20:00+07:00,1890.8,1891.0,1890.4,1890.9,719
2026-03-18 11:21:00+07:00,1890.9,1891.4,1889.8,1889.9,561
2026-03-18 11:22:00+07:00,1890.0,1890.0,1886.1,1886.9,2909
2026-03-18 11:23:00+07:00,1886.5,1887.2,1884.5,1886.1,2220
2026-03-18 11:24:00+07:00,1886.1,1886.1,1882.0,1882.8,2590
2026-03-18 11:25:00+07:00,1882.3,1883.8,1880.8,1880.8,2217
2026-03-18 11:26:00+07:00,1880.7,1882.8,1879.5,1882.3,2581
2026-03-18 11:27:00+07:00,1882.4,1882.8,1877.8,1877.8,2651
2026-03-18 11:28:00+07:00,1877.9,1881.0,1876.2,1880.6,2523
2026-03-18 11:29:00+07:00,1880.6,1881.4,1878.1,1879.1,1626
2026-03-18 13:00:00+07:00,1878.2,1884.8,1877.4,1883.4,2952
2026-03-18 13:01:00+07:00,1883.4,1883.5,1879.1,1879.1,1748
2026-03-18 13:02:00+07:00,1879.2,1881.3,1878.0,1880.1,988
2026-03-18 13:03:00+07:00,1880.1,1881.3,1878.6,1881.2,1225
2026-03-18 13:04:00+07:00,1881.2,1881.3,1880.0,1880.8,793
2026-03-18 13:05:00+07:00,1880.8,1882.9,1880.6,1882.5,977
2026-03-18 13:06:00+07:00,1882.5,1884.8,1882.0,1882.7,1614
2026-03-18 13:07:00+07:00,1882.7,1882.8,1881.1,1881.1,673
2026-03-18 13:08:00+07:00,1881.4,1882.8,1881.1,1882.0,482
2026-03-18 13:09:00+07:00,1882.1,1884.0,1882.0,1883.5,903
2026-03-18 13:10:00+07:00,1883.5,1884.3,1882.5,1884.3,820
2026-03-18 13:11:00+07:00,1884.3,1885.7,1883.3,1884.6,1320
2026-03-18 13:12:00+07:00,1884.3,1885.2,1883.1,1883.2,1011
2026-03-18 13:13:00+07:00,1883.2,1885.0,1883.1,1884.5,980
2026-03-18 13:14:00+07:00,1884.8,1885.8,1884.2,1884.6,1117
2026-03-18 13:15:00+07:00,1884.5,1884.6,1883.1,1884.0,1014
2026-03-18 13:16:00+07:00,1884.1,1884.4,1882.0,1883.2,1157
2026-03-18 13:17:00+07:00,1883.1,1884.0,1882.3,1883.8,799
2026-03-18 13:18:00+07:00,1883.6,1884.6,1883.2,1884.2,622
2026-03-18 13:19:00+07:00,1884.2,1885.9,1883.8,1885.1,1149
2026-03-18 13:20:00+07:00,1885.1,1887.7,1883.7,1887.0,2340
2026-03-18 13:21:00+07:00,1886.9,1888.0,1886.6,1886.9,2015
2026-03-18 13:22:00+07:00,1886.9,1887.6,1886.9,1887.6,515
2026-03-18 13:23:00+07:00,1887.1,1888.8,1887.0,1887.8,2510
2026-03-18 13:24:00+07:00,1887.5,1888.6,1887.1,1888.1,1279
2026-03-18 13:25:00+07:00,1888.1,1888.3,1887.0,1887.4,1055
2026-03-18 13:26:00+07:00,1887.2,1888.4,1887.0,1888.1,1078
2026-03-18 13:27:00+07:00,1888.0,1888.5,1887.7,1888.0,789
2026-03-18 13:28:00+07:00,1888.0,1889.5,1888.0,1888.8,1973
2026-03-18 13:29:00+07:00,1888.9,1890.5,1888.6,1889.8,2207
2026-03-18 13:30:00+07:00,1889.6,1890.9,1888.6,1889.0,1285
2026-03-18 13:31:00+07:00,1889.0,1889.2,1886.8,1886.9,1712
2026-03-18 13:32:00+07:00,1886.9,1890.0,1886.9,1889.0,1020
2026-03-18 13:33:00+07:00,1889.0,1894.6,1889.0,1892.7,2869
2026-03-18 13:34:00+07:00,1892.6,1897.0,1892.2,1896.8,2998
2026-03-18 13:35:00+07:00,1896.8,1897.9,1894.2,1894.6,2151
2026-03-18 13:36:00+07:00,1894.6,1896.1,1894.6,1896.1,1313
2026-03-18 13:37:00+07:00,1896.3,1897.0,1893.3,1893.3,1603
2026-03-18 13:38:00+07:00,1893.8,1896.7,1893.5,1894.8,1222
2026-03-18 13:39:00+07:00,1894.8,1903.0,1894.8,1900.5,4322
2026-03-18 13:40:00+07:00,1900.5,1902.3,1900.0,1902.2,2802
2026-03-18 13:41:00+07:00,1902.2,1902.9,1898.0,1899.5,2987
2026-03-18 13:42:00+07:00,1899.3,1901.0,1898.3,1900.4,1528
2026-03-18 13:43:00+07:00,1900.2,1901.0,1896.6,1898.8,2084
2026-03-18 13:44:00+07:00,1898.7,1899.7,1897.5,1899.6,1036
2026-03-18 13:45:00+07:00,1899.7,1900.4,1898.5,1899.3,1166
2026-03-18 13:46:00+07:00,1899.0,1899.3,1895.6,1896.4,1984
2026-03-18 13:47:00+07:00,1896.4,1897.5,1895.0,1896.8,1920
2026-03-18 13:48:00+07:00,1896.4,1896.8,1892.8,1893.2,2600
2026-03-18 13:49:00+07:00,1893.2,1894.1,1891.3,1892.0,1516
2026-03-18 13:50:00+07:00,1892.0,1892.7,1890.0,1891.1,1916
2026-03-18 13:51:00+07:00,1891.0,1891.8,1889.0,1889.4,1936
2026-03-18 13:52:00+07:00,1889.4,1892.9,1889.0,1892.5,1716
2026-03-18 13:53:00+07:00,1892.5,1894.7,1891.7,1891.7,1351
2026-03-18 13:54:00+07:00,1891.6,1894.8,1891.6,1893.8,1003
2026-03-18 13:55:00+07:00,1893.7,1894.8,1893.0,1893.9,749
2026-03-18 13:56:00+07:00,1894.4,1894.5,1890.3,1891.0,1722
2026-03-18 13:57:00+07:00,1890.6,1891.7,1890.2,1891.0,1140
2026-03-18 13:58:00+07:00,1891.4,1893.5,1890.9,1892.0,634
2026-03-18 13:59:00+07:00,1891.5,1892.2,1887.0,1889.5,2196
2026-03-18 14:00:00+07:00,1889.5,1891.1,1887.8,1888.5,1448
2026-03-18 14:01:00+07:00,1888.2,1890.7,1888.2,1890.0,1280
2026-03-18 14:02:00+07:00,1890.2,1890.5,1888.6,1890.2,926
2026-03-18 14:03:00+07:00,1890.1,1894.4,1890.1,1893.0,1507
2026-03-18 14:04:00+07:00,1893.1,1893.9,1892.0,1893.1,728
2026-03-18 14:05:00+07:00,1893.1,1893.5,1889.1,1890.7,1119
2026-03-18 14:06:00+07:00,1890.7,1890.8,1886.5,1887.8,2287
2026-03-18 14:07:00+07:00,1887.7,1891.9,1887.4,1889.7,1387
2026-03-18 14:08:00+07:00,1889.8,1889.8,1887.5,1888.7,743
2026-03-18 14:09:00+07:00,1888.5,1888.7,1886.0,1886.5,1773
2026-03-18 14:10:00+07:00,1886.5,1889.0,1886.1,1887.9,1122
2026-03-18 14:11:00+07:00,1887.9,1889.8,1887.0,1889.8,1170
2026-03-18 14:12:00+07:00,1889.8,1890.0,1888.0,1888.5,870
2026-03-18 14:13:00+07:00,1888.6,1888.9,1886.5,1887.9,1051
2026-03-18 14:14:00+07:00,1887.6,1890.0,1887.6,1888.2,773
2026-03-18 14:15:00+07:00,1888.2,1889.8,1887.6,1888.0,725
2026-03-18 14:16:00+07:00,1888.0,1888.9,1886.0,1886.0,1081
2026-03-18 14:17:00+07:00,1886.0,1888.0,1885.3,1887.3,1723
2026-03-18 14:18:00+07:00,1886.9,1888.7,1886.0,1887.0,1092
2026-03-18 14:19:00+07:00,1886.9,1887.5,1883.5,1885.1,2348
2026-03-18 14:20:00+07:00,1885.3,1894.0,1883.0,1890.3,3312
2026-03-18 14:21:00+07:00,1890.5,1893.6,1887.7,1891.8,2892
2026-03-18 14:22:00+07:00,1891.8,1892.4,1890.4,1890.8,1208
2026-03-18 14:23:00+07:00,1891.2,1892.5,1887.6,1888.4,2338
2026-03-18 14:24:00+07:00,1888.5,1889.9,1887.6,1888.5,1403
2026-03-18 14:25:00+07:00,1888.5,1892.0,1887.3,1891.3,1467
2026-03-18 14:26:00+07:00,1890.9,1893.0,1889.4,1891.8,1647
2026-03-18 14:27:00+07:00,1891.7,1892.7,1890.3,1890.7,690
2026-03-18 14:28:00+07:00,1890.7,1891.0,1888.1,1889.3,1417
2026-03-18 14:29:00+07:00,1889.7,1891.4,1888.5,1891.4,1656
2026-03-18 14:45:00+07:00,1881.9,1881.9,1881.9,1881.9,4864
2026-03-19 09:00:00+07:00,1844.9,1854.8,1843.0,1854.8,5895
2026-03-19 09:01:00+07:00,1854.5,1858.0,1851.7,1854.4,3281
2026-03-19 09:02:00+07:00,1854.0,1855.5,1853.5,1855.1,1947
2026-03-19 09:03:00+07:00,1855.2,1858.9,1855.0,1856.7,2807
2026-03-19 09:04:00+07:00,1856.6,1857.5,1855.3,1857.2,1538
2026-03-19 09:05:00+07:00,1857.1,1858.0,1855.6,1857.0,1238
2026-03-19 09:06:00+07:00,1857.0,1858.5,1857.0,1857.3,654
2026-03-19 09:07:00+07:00,1857.3,1857.8,1855.3,1855.7,880
